Date,SHL_Close,USIR%,ANN_Close,CSL_Close,RMD_Close
1/07/2015,17.99715233,0.769408,20.57984161,81.31406403,7.145661354
2/07/2015,18.15139389,0.764175,20.94296837,82.51700592,7.048573017
3/07/2015,18.15139389,0.763884,20.43628311,80.93756104,7.019445896
6/07/2015,18.15139389,0.748447,20.38561821,79.84480286,7.029154301
7/07/2015,18.47610474,0.747882,20.81629562,81.72727966,7.194203854
8/07/2015,18.16762733,0.745823,20.61362076,81.34159851,7.378670216
9/07/2015,18.18386459,0.742225,20.97674751,81.222229,7.291292667
10/07/2015,18.15950775,0.746102,20.74028778,80.86410522,7.368962288
13/07/2015,18.31374931,0.742501,20.73184586,82.14051056,7.466050148
14/07/2015,18.70340157,0.739481,21.15408707,84.66579437,7.466050148
15/07/2015,19.15799713,0.744602,21.25542641,86.56665039,7.485467911
16/07/2015,18.23256874,0.737354,21.20475769,86.18096161,7.572846413
17/07/2015,17.74550247,0.74151,21.35676193,86.22687531,7.514594078
20/07/2015,17.25031471,0.73692,21.36520386,87.67777252,7.514594078
21/07/2015,17.44514275,0.73755,22.06611633,88.38485718,7.504885197
22/07/2015,17.00678062,0.742501,20.72340393,86.88805389,7.368962288
23/07/2015,16.99866295,0.737517,20.68117714,86.53908539,7.417506218
24/07/2015,16.7794857,0.735619,20.78251648,86.04322815,7.456341267
27/07/2015,16.73889732,0.72759,20.30116653,86.91558838,7.427215576
28/07/2015,16.57653809,0.72759,19.72692299,88.31138611,7.310709476
29/07/2015,16.69830513,0.7347,20.36872864,89.71634674,7.417506218
30/07/2015,16.60089684,0.729874,20.80784988,88.47666168,7.301001072
31/07/2015,16.7794857,0.729448,21.1625309,90.87341309,7.767022133
3/08/2015,16.80383873,0.72998,21.17097473,90.75403595,7.669935226
4/08/2015,16.93372154,0.72759,21.36520386,92.53548431,7.475759029
5/08/2015,17.19349098,0.737626,21.17941856,92.0212326,7.310709476
6/08/2015,16.90124702,0.735294,20.96830177,90.40507507,7.388380527
7/08/2015,16.58465767,0.734538,20.90074348,88.92664337,7.262166023
10/08/2015,16.80383873,0.740192,17.59885216,89.0276413,7.233039379
11/08/2015,16.39794731,0.7414,18.24064827,87.33800507,7.310709476
12/08/2015,16.85254097,0.731048,17.7086277,85.40042877,7.281582832
13/08/2015,16.62524986,0.738116,17.31593323,85.3269577,7.262166023
14/08/2015,16.43853378,0.737517,18.20745087,85.53816223,7.262166023
17/08/2015,16.34924126,0.73692,18.07886505,86.19934845,7.330127239
18/08/2015,16.06511879,0.737083,18.07029152,85.85037994,7.252456665
19/08/2015,16.72265816,0.733999,18.50747681,85.51979828,7.262166023
20/08/2015,16.92560196,0.735456,19.15040016,84.48214722,7.165078163
21/08/2015,16.55218506,0.73373,18.89322662,82.78329468,7.097116947
24/08/2015,16.27618027,0.725847,18.0274353,81.07530975,6.941775799
25/08/2015,16.6414814,0.717206,17.70168686,83.18736267,6.912650108
26/08/2015,16.43853378,0.71053,17.71025848,83.01289368,6.990320206
27/08/2015,16.81195831,0.712454,18.5331955,85.17086029,7.077699661
28/08/2015,16.91748619,0.717412,18.82464981,85.05148315,7.019445896
31/08/2015,16.82007027,0.714082,18.97037697,84.36277008,7.097116947
1/09/2015,16.38171196,0.710934,18.88466072,82.51700592,6.961193562
2/09/2015,16.37359047,0.700918,19.08181572,83.59140778,7.058280945
3/09/2015,16.0245285,0.704722,18.32746315,82.66392517,7.135951519
4/09/2015,16.4710083,0.701902,18.70463943,82.81086731,7.174786568
7/09/2015,16.43041992,0.693577,18.72178268,84.09078979,7.116533756
8/09/2015,16.38982773,0.694637,18.90179825,84.18354034,7.155368805
9/09/2015,16.31525421,0.703779,18.96180725,85.28733063,7.097116947
10/09/2015,16.06667328,0.696573,18.67892265,83.66412354,6.902941227
11/09/2015,15.89266396,0.707114,17.84741783,82.48615265,6.912650108
14/09/2015,15.83466339,0.709975,17.85598946,83.54353333,6.970901966
15/09/2015,15.61094093,0.716076,17.33307838,82.51397705,6.864106178
16/09/2015,15.70208645,0.712809,17.37594223,83.94238281,6.83497858
17/09/2015,15.78494549,0.719994,17.05876923,83.89600372,6.844687462
18/09/2015,15.95895481,0.718907,17.00733757,84.00730133,6.844687462
21/09/2015,15.81809139,0.719011,16.85303497,83.66412354,6.825270653
22/09/2015,15.9506712,0.713012,16.91303635,83.78469086,6.87381506
23/09/2015,15.78494549,0.707914,16.65587425,82.77368927,6.83497858
24/09/2015,15.87609482,0.699888,17.11019897,84.10005951,6.980611324
25/09/2015,15.67722893,0.701164,17.05876923,83.86817169,7.174786568
28/09/2015,15.74351883,0.702099,16.81874466,84.18354034,7.029154301
29/09/2015,15.08063412,0.697204,15.94437122,81.43803406,6.844687462
30/09/2015,15.12206078,0.700378,16.07295799,82.73657227,7.058280945
1/10/2015,15.2960701,0.701016,16.04724121,83.422966,7.126243591
2/10/2015,14.9231987,0.70368,15.8243618,82.12439728,7.097116947
5/10/2015,15.08891869,0.704821,16.03009987,83.66412354,7.155368805
6/10/2015,14.98948479,0.708818,15.77293015,83.49714661,7.21362114
7/10/2015,14.82376289,0.715922,15.8843708,83.6362915,7.145661354
8/10/2015,15.10549164,0.719476,15.72149944,84.35977936,7.233039379
9/10/2015,15.11377907,0.726744,15.78150368,84.59163666,7.242747784
12/10/2015,14.95633984,0.731475,16.03009987,82.47686768,7.184495449
13/10/2015,14.98120022,0.73443,15.87579536,83.04267883,7.203912258
14/10/2015,15.43693352,0.722282,16.44156456,82.78296661,7.368962288
15/10/2015,15.16349411,0.732011,16.56157684,82.54177856,7.446632385
16/10/2015,15.37064266,0.732923,16.88732338,82.82933807,7.504885197
19/10/2015,15.33750057,0.726005,16.81017494,82.27281189,7.582554817
20/10/2015,15.38721275,0.725637,17.11019897,83.48789978,7.611682892
21/10/2015,15.27950001,0.726744,17.16163826,83.03338623,7.475759029
22/10/2015,15.61094093,0.721553,16.99019051,83.66412354,7.514594078
23/10/2015,15.56122589,0.721188,16.88732338,83.84035492,7.543719769
26/10/2015,15.47836304,0.722387,16.87875175,84.28556824,7.563137531
27/10/2015,15.67722893,0.725111,17.00733757,85.7417984,7.572846413
28/10/2015,15.85952091,0.719269,17.13591766,86.54877472,7.708769321
29/10/2015,15.66065502,0.710076,16.93875504,86.20558167,7.776731491
30/10/2015,15.97552872,0.709019,17.24735641,86.99398041,7.805857182
2/11/2015,15.72694397,0.713725,16.87018013,85.61195374,7.834983349
3/11/2015,15.98381424,0.715922,16.92161369,87.37428284,7.902944088
4/11/2015,15.96724129,0.719114,16.94733047,87.02182007,7.893235207
5/11/2015,15.90924168,0.713878,16.8273201,87.35573578,7.922361851
6/11/2015,16.17439079,0.714796,16.91303635,88.41311646,7.912653923
9/11/2015,16.39811707,0.703878,16.96447182,88.5800705,7.951487541
10/11/2015,16.27382278,0.705119,16.99876404,88.16269684,7.951487541
11/11/2015,16.41468811,0.704672,17.2387867,89.13661194,7.94178009
12/11/2015,16.34839821,0.707114,17.6759758,89.13661194,7.922361851
13/11/2015,16.04181671,0.713725,17.94171333,88.25543213,7.747604847
16/11/2015,15.88438034,0.710581,17.95885658,87.57833862,7.786439419
17/11/2015,16.23239708,0.709522,18.37032318,89.2108078,7.893235207
18/11/2015,15.71037292,0.711389,18.29317284,89.45198059,7.893235207
19/11/2015,16.92842484,0.711794,18.79893303,90.99168396,7.951487541
20/11/2015,16.72127151,0.719166,18.76464653,91.14936829,7.825276375
23/11/2015,16.75441742,0.722909,18.64463615,91.93778229,7.922361851
24/11/2015,16.7461319,0.718907,18.44747543,91.61314392,7.844692707
25/11/2015,16.613554,0.725795,18.34460258,91.2142868,7.922361851
26/11/2015,16.69641113,0.725584,18.34460258,92.66125488,7.951487541
27/11/2015,16.69641113,0.721917,18.48175621,92.42938232,7.96119833
30/11/2015,16.84556007,0.718391,18.696064,92.85604095,8.08741188
1/12/2015,17.06099892,0.723275,18.90179825,93.41256714,8.009742737
2/12/2015,16.96156502,0.732332,18.6617775,92.75402069,7.883527756
3/12/2015,16.75441742,0.7303,18.49032974,91.95632935,7.854401588
4/12/2015,16.613554,0.732977,18.25888443,91.1029892,7.660226345
7/12/2015,16.58041,0.734214,18.58462715,91.36269379,7.543719769
8/12/2015,16.65498352,0.7259,18.35317802,91.61314392,7.466050148
9/12/2015,16.58041,0.722507,18.47319031,91.85430145,7.475759029
10/12/2015,16.43125725,0.723537,18.33603096,92.01197815,7.35925436
11/12/2015,16.38983154,0.72722,18.13887024,92.65197754,7.427215576
14/12/2015,16.29868126,0.716486,17.68453979,92.62415314,7.417506218
15/12/2015,15.32921505,0.725479,17.45309258,93.07865143,7.446632385
16/12/2015,14.46746159,0.720305,17.21306801,93.57952881,7.514594078
17/12/2015,14.78233242,0.720877,17.72740364,96.02822876,7.650516987
18/12/2015,14.87348175,0.712809,17.52166939,96.02822876,7.582554817
21/12/2015,14.54203796,0.716692,17.35880089,95.91693115,7.301001072
22/12/2015,14.67461491,0.719994,17.95885658,96.94649506,7.252456665
23/12/2015,14.63318443,0.723223,17.7788372,95.93547821,7.242747784
24/12/2015,14.74918938,0.72338,17.93313599,95.76850891,7.223330021
28/12/2015,14.74918938,0.72722,17.93313599,95.76850891,7.223330021
29/12/2015,14.61661243,0.728279,18.22459412,97.1969223,7.310709476
30/12/2015,14.98948479,0.725795,18.55033684,98.57897186,7.330127239
31/12/2015,14.80719471,0.729075,18.37032318,97.67926025,7.223330021
4/01/2016,14.87348175,0.728491,18.25888443,98.80157471,7.203912258
5/01/2016,14.41774654,0.727167,17.73597717,96.85372925,7.077699661
6/01/2016,14.56689739,0.728704,17.91599274,96.27866364,7.058280945
7/01/2016,14.41774654,0.718597,17.63310814,95.38822937,7.019445896
8/01/2016,14.26031017,0.716281,17.70168686,95.64793396,7.174786568
11/01/2016,14.42603302,0.708015,17.47881126,95.44387817,7.233039379
12/01/2016,14.47574997,0.701804,17.06734276,97.00215149,7.242747784
13/01/2016,14.58346653,0.6943,16.95590019,96.96504974,7.417506218
14/01/2016,14.47574997,0.698714,16.69016075,95.35113525,7.417506218
15/01/2016,14.66633034,0.698714,16.71587753,95.79634857,7.495175838
18/01/2016,14.23545551,0.693577,16.46728325,95.2490921,7.466050148
19/01/2016,14.658041,0.699692,16.67301559,96.17665863,7.592264175
20/01/2016,14.39289188,0.686106,16.41584778,98.04099274,7.427215576
21/01/2016,14.41774654,0.6879,16.59586525,99.77548218,7.611682892
22/01/2016,14.51717758,0.691706,16.63015556,99.46939087,7.970907211
25/01/2016,15.16349411,0.693722,16.86160851,99.79403687,8.03886795
27/01/2016,15.32921505,0.701607,16.83588791,98.16158295,8.126247406
28/01/2016,15.46179104,0.700403,16.83588791,99.37665558,7.912653923
29/01/2016,15.24635124,0.693914,17.17878151,96.46417999,7.815566063
1/02/2016,15.31264114,0.700722,16.57014847,100.1650543,7.864110947
2/02/2016,15.2960701,0.701607,16.15868187,99.70128632,7.786439419
3/02/2016,15.16349411,0.708617,15.98723793,97.71634674,7.922361851
4/02/2016,15.24635124,0.706864,12.68692398,98.07808685,7.844692707
5/02/2016,15.11377907,0.711086,12.89265633,97.72561646,7.7961483
8/02/2016,15.21321011,0.702988,13.83560181,97.64214325,7.844692707
9/02/2016,14.51717758,0.715461,13.76702595,95.14706421,7.767022133
10/02/2016,14.23545551,0.719942,14.16992283,94.16386414,7.7961483
11/02/2016,14.68290043,0.708617,14.67524719,96.04678345,7.922361851
12/02/2016,14.43431854,0.707914,14.82348442,95.81489563,7.805857182
15/02/2016,14.74090481,0.706714,15.15483379,96.86302185,7.922361851
16/02/2016,15.02262783,0.710379,15.05891705,98.31925201,7.96119833
17/02/2016,15.5860815,0.712403,15.07635784,94.6832962,8.058286667
18/02/2016,15.83466339,0.711693,15.40770149,93.37548065,8.03886795
19/02/2016,15.69379997,0.714796,15.58209896,94.42358398,8.03886795
22/02/2016,15.03920269,0.711997,15.09379482,95.07286072,8.000033379
23/02/2016,14.89833832,0.717618,15.3117857,94.03401947,7.815566063
24/02/2016,14.80719471,0.715001,15.00659943,93.63517761,7.737895012
25/02/2016,14.99777031,0.714286,15.02403641,94.08966827,7.767022133
26/02/2016,15.08891869,0.723484,15.01531696,94.9708252,7.737895012
29/02/2016,15.22977638,0.71958,14.99787903,95.27692413,7.854401588
1/03/2016,15.19663525,0.719476,14.87580013,95.81489563,7.728186607
2/03/2016,15.31264114,0.723589,15.19843292,97.41027069,7.650516987
3/03/2016,15.31264114,0.712809,15.2245903,96.7980957,7.660226345
4/03/2016,15.17787743,0.714286,15.16355133,95.13778687,7.572846413
7/03/2016,14.88307858,0.718184,15.30306911,95.67578125,7.524302483
8/03/2016,15.10207081,0.72881,15.35538387,95.00792694,7.582554817
9/03/2016,15.666399,0.735781,15.38154602,97.1134491,7.534011364
10/03/2016,15.38002396,0.741141,15.12867451,95.67578125,7.475759029
11/03/2016,15.21999168,0.745823,15.21587181,96.07460022,7.631098747
14/03/2016,15.00099754,0.743384,15.07635784,96.08387756,7.611682892
15/03/2016,14.92519093,0.747105,14.99787903,94.93373108,7.592264175
16/03/2016,15.034688,0.746213,15.15483379,94.88735962,7.514594078
17/03/2016,15.02626514,0.756315,15.34666634,94.46995544,7.233039379
18/03/2016,15.01784325,0.752106,15.61697674,92.84677124,7.077699661
21/03/2016,15.00942039,0.746324,15.66057301,93.21779633,7.155368805
22/03/2016,15.23683643,0.754717,15.86985016,94.30298615,7.145661354
23/03/2016,15.29579449,0.764994,15.44258308,94.09235382,7.135951519
24/03/2016,15.83485603,0.759763,15.40770149,95.56034088,7.242747784
29/03/2016,15.54848003,0.757174,15.12867451,92.16617584,7.155368805
30/03/2016,15.59059429,0.762021,14.91068077,93.83988953,7.203912258
31/03/2016,15.81801033,0.753352,15.07635784,94.84970856,7.21362114
1/04/2016,15.46425247,0.752672,14.46597576,94.43830109,7.281582832
4/04/2016,15.47267151,0.750582,14.6578083,94.72816467,7.398089409
5/04/2016,15.0599556,0.755687,14.82348442,92.9329071,7.446632385
6/04/2016,15.24525833,0.764,15.03275776,93.83052826,7.504885197
7/04/2016,15.3715992,0.766107,15.25074959,94.84970856,7.631098747
8/04/2016,15.50636673,0.766989,15.14611435,94.67205811,7.572846413
11/04/2016,15.29579449,0.766871,15.137393,93.68093109,7.475759029
12/04/2016,15.52321243,0.759994,15.20715427,93.50327301,7.456341267
13/04/2016,15.70009136,0.754603,15.78265095,94.05493927,7.534011364
14/04/2016,15.93592834,0.761209,16.5063839,93.43782043,7.582554817
15/04/2016,15.89381504,0.751371,17.16036415,94.9806366,7.504885197
18/04/2016,15.94435024,0.756487,17.00340843,96.65432739,7.514594078
19/04/2016,16.28126335,0.759474,17.03828812,96.77589417,7.427215576
20/04/2016,16.36549187,0.768521,17.23011971,97.47715759,7.417506218
21/04/2016,16.50868034,0.766225,17.78818321,98.17843628,7.398089409
22/04/2016,16.5339489,0.769586,17.29115868,97.85118103,7.514594078
26/04/2016,16.44129372,0.764,17.16036415,97.59870148,7.650516987
27/04/2016,16.33179855,0.777122,17.14292336,97.29949188,7.368962288
28/04/2016,16.15491867,0.779666,17.23011971,97.18730164,7.330127239
29/04/2016,16.35706711,0.780214,17.37835503,98.34675598,7.242747784
2/05/2016,16.62659645,0.774293,17.36963844,99.11346436,7.155368805
3/05/2016,17.07300568,0.771081,17.34347534,102.339325,7.242747784
4/05/2016,16.82032013,0.771724,16.84645081,104.1345901,7.291292667
5/05/2016,16.64344025,0.774773,16.54126167,102.5076294,7.330127239
6/05/2016,16.879282,0.760398,16.47150612,102.0588303,7.398089409
9/05/2016,17.08985329,0.763417,16.75053596,102.8535995,7.456341267
10/05/2016,16.98877716,0.761731,16.58486176,102.6852951,7.621390343
11/05/2016,17.1909256,0.766378,16.55870438,102.8723068,7.592264175
12/05/2016,17.18250084,0.749963,16.20991516,103.3959198,7.621390343
13/05/2016,17.17407799,0.746714,16.43662834,103.6483765,7.631098747
16/05/2016,18.01635933,0.747608,16.49766541,105.6119385,7.708769321
17/05/2016,18.3532753,0.737626,16.43662834,105.658699,7.689352036
18/05/2016,18.09216499,0.731689,16.15759659,106.5095901,7.611682892
19/05/2016,18.06689644,0.7373,16.17503738,106.8087921,7.640807629
20/05/2016,18.23535156,0.735781,16.37559128,106.4721832,7.640807629
23/05/2016,18.23535156,0.731797,16.55870438,105.8176498,7.699059963
24/05/2016,18.15112495,0.727484,16.43662834,105.9018097,7.708769321
25/05/2016,18.42907333,0.72881,16.52382469,107.1080017,7.854401588
26/05/2016,18.31957817,0.731368,16.39302635,108.2954941,7.7961483
27/05/2016,18.1932354,0.7227,16.66333961,108.2113495,7.815566063
30/05/2016,18.10900688,0.723223,16.83773232,108.8471756,7.912653923
31/05/2016,18.02477837,0.722804,16.66333961,108.2393951,7.883527756
1/06/2016,18.08374023,0.722387,16.59358215,109.1183167,7.912653923
2/06/2016,17.83948135,0.719062,16.47150612,108.7630081,7.912653923
3/06/2016,18.10058594,0.718649,16.74181747,109.5016785,7.94178009
6/06/2016,18.20165825,0.722596,16.65462112,109.6419373,7.932071209
7/06/2016,18.10058594,0.718494,16.81157494,109.4923325,7.854401588
8/06/2016,18.32800293,0.71958,16.81157494,109.5951996,7.825276375
9/06/2016,18.26904106,0.723694,16.86389351,108.7723541,7.854401588
10/06/2016,18.32800293,0.725005,16.65462112,107.594223,7.893235207
14/06/2016,18.01635933,0.723118,16.31455231,104.0971832,7.786439419
15/06/2016,18.05005074,0.7347,16.25351715,102.3486862,7.825276375
16/06/2016,17.73840714,0.737354,16.27095222,102.2177734,7.708769321
17/06/2016,17.61206245,0.744602,16.47150612,101.7222214,7.708769321
20/06/2016,17.52783585,0.749681,16.60230255,101.0676727,7.71847868
21/06/2016,17.90686035,0.741675,16.78541374,101.8157196,7.922361851
22/06/2016,17.78051949,0.737409,16.79413605,101.5539017,8.067996025
23/06/2016,17.97424698,0.738116,16.79413605,101.9466171,8.10682869
24/06/2016,17.59521866,0.735619,16.1401577,99.81473541,8.058286667
27/06/2016,17.61206245,0.74162,15.66057301,101.750267,8.03886795
28/06/2016,17.71313858,0.738716,15.30306911,100.9367828,7.7961483
29/06/2016,17.71313858,0.743108,15.44258308,101.3201447,7.970907211
30/06/2016,18.15112495,0.746102,15.84368706,104.8919678,8.058286667
1/07/2016,17.96582031,0.745379,16.16631889,104.4992599,8.174789429
4/07/2016,18.15112495,0.751428,16.46278572,105.0976715,8.281587601
5/07/2016,18.1763916,0.753523,16.24479485,104.0223923,8.203915596
6/07/2016,18.23535156,0.743108,15.95704556,103.7699432,8.320423126
7/07/2016,18.2606163,0.735727,15.94832325,103.8073196,8.291296959
8/07/2016,17.98266983,0.740521,16.05296135,103.3117599,8.233043671
11/07/2016,18.24377441,0.746993,16.41918755,104.733017,8.359256744
12/07/2016,18.10058594,0.744879,16.41046906,105.2379456,8.22333622
13/07/2016,18.13427734,0.74638,16.74181747,104.0130386,8.242753983
14/07/2016,18.44592094,0.753012,16.56742287,105.5090866,8.281587601
15/07/2016,18.37011528,0.74438,16.69821739,105.9018097,8.262169838
18/07/2016,18.40380859,0.75188,16.91621208,106.453476,8.339839935
19/07/2016,18.33642578,0.7494,17.02956963,107.1827927,8.504888535
20/07/2016,18.73229408,0.755915,16.61102104,109.4081802,8.54372406
21/07/2016,19.05236435,0.753807,16.80285454,111.3717499,8.572852135
22/07/2016,19.06078339,0.760572,16.77669716,111.278244,8.582558632
25/07/2016,19.40612221,0.759647,16.96852875,113.008049,8.572852135
26/07/2016,19.31346893,0.761499,16.96852875,111.7083588,8.407801628
27/07/2016,19.20397377,0.759013,17.02084732,110.2029572,8.466053963
28/07/2016,19.1281662,0.757518,16.70693779,109.8663406,8.359256744
29/07/2016,19.35558319,0.750751,16.8900528,110.333847,8.9320755
1/08/2016,19.44823265,0.747161,16.8900528,109.9505005,8.951493263
2/08/2016,19.1281662,0.750694,16.74181747,110.1281509,9.00003624
3/08/2016,19.02709389,0.747608,16.54998207,109.2118149,8.873822212
4/08/2016,18.7828331,0.747608,16.60230255,107.2949905,8.844696045
5/08/2016,18.86706161,0.751654,16.68078041,107.2389145,8.854406357
8/08/2016,18.55541801,0.751744,17.32603645,107.6783829,8.88353157
9/08/2016,18.3532753,0.751258,17.57019043,106.5843735,8.922367096
10/08/2016,18.47961426,0.758783,17.11676788,107.9308319,8.88353157
11/08/2016,18.39538574,0.752842,16.99468803,108.0617294,8.88353157
12/08/2016,18.5217247,0.759994,17.15164566,108.9312973,8.970910072
15/08/2016,18.66491508,0.759013,20.1948185,108.7256012,8.9320755
16/08/2016,18.64806938,0.764,19.70651436,109.1650772,8.88353157
17/08/2016,19.8019886,0.76118,20.14249992,103.6390152,8.805860519
18/08/2016,19.50719261,0.766049,20.1860981,100.7030106,8.660228729
19/08/2016,19.53246117,0.76646,20.23881721,100.8806686,8.834988594
22/08/2016,19.7009182,0.771545,21.07841682,100.7030106,8.873822212
23/08/2016,19.62510872,0.769586,20.80444336,102.9564514,8.834988594
24/08/2016,19.67565155,0.765638,20.64536095,103.3211136,8.650520325
25/08/2016,19.61668968,0.767636,20.60116959,102.3019257,8.73789978
26/08/2016,19.37242889,0.770078,20.50395393,101.9653168,8.728192329
29/08/2016,19.29662323,0.766401,20.19462776,101.6100159,8.786445618
30/08/2016,19.29662323,0.767872,20.0090332,102.9844971,8.699065208
31/08/2016,19.37242889,0.760803,19.84994888,101.0770264,8.708772659
1/09/2016,19.37242889,0.763009,19.69970703,100.3290024,8.718481064
2/09/2016,18.97655678,0.761383,19.64667702,98.11296844,8.54372406
5/09/2016,18.95129013,0.761035,19.58480835,98.1036377,8.601976395
6/09/2016,18.92601967,0.762486,19.87645912,96.67302704,8.601976395
7/09/2016,18.87548256,0.754432,19.44340324,96.2522583,8.582558632
8/09/2016,18.68647003,0.757748,19.46108055,96.98160553,8.524305344
9/09/2016,18.13661385,0.752445,19.58480835,94.80296326,8.456344604
12/09/2016,17.72422218,0.751993,19.00150871,93.55937958,8.368967056
13/09/2016,17.88746262,0.755287,19.29315948,94.28263092,8.446634293
14/09/2016,17.79295349,0.756487,19.5052681,94.9996109,8.417510033
15/09/2016,17.75,0.759301,19.44340324,95.32035828,8.398093224
16/09/2016,17.96478271,0.768817,19.4875946,97.07506561,8.388384819
19/09/2016,17.90464401,0.76693,19.33735085,96.24488831,8.296149254
20/09/2016,18.12802505,0.765052,19.42572594,96.65054321,8.165081024
21/09/2016,18.35140228,0.754489,19.67318916,97.0279007,8.174789429
22/09/2016,18.58337212,0.756716,19.91181374,98.08450317,8.145663261
23/09/2016,19.02153587,0.746938,20.31835938,99.67883301,8.184498787
26/09/2016,18.73801804,0.748223,19.96484184,100.0939255,8.135954857
27/09/2016,18.93562889,0.751315,20.09741211,101.9807053,8.116538048
28/09/2016,18.98717117,0.750188,20.21230125,102.7071228,8.174789429
29/09/2016,19.141819,0.75375,20.5481472,101.6788177,8.184498787
30/09/2016,18.90985107,0.755801,20.30951881,100.9429703,8.233043671
3/10/2016,18.73801804,0.763242,20.27416992,100.5373154,8.233043671
4/10/2016,18.90125847,0.764935,20.45092583,100.8863602,8.252462387
5/10/2016,18.90125847,0.761615,20.89282227,100.4901505,8.135954857
6/10/2016,18.97858238,0.763382,21.84731674,100.5278702,8.194207191
7/10/2016,18.82393265,0.766989,21.21098709,100.3769379,8.301007271
10/10/2016,18.85830116,0.769408,20.89282227,100.6599655,8.262169838
11/10/2016,18.74660683,0.762835,20.75141144,99.50901794,8.359256744
12/10/2016,18.78097725,0.764409,20.68070984,100.5090256,8.271879196
13/10/2016,18.57477951,0.76864,20.46860313,99.02789307,8.22333622
14/10/2016,18.65210342,0.761093,20.64536095,99.66941833,8.233043671
17/10/2016,18.43731689,0.762369,20.47743607,98.358078,8.184498787
18/10/2016,18.75520134,0.757805,20.19462776,99.32033539,8.203915596
19/10/2016,18.72083855,0.759994,20.39789963,99.87695313,8.262169838
20/10/2016,18.87548256,0.759994,20.23881721,99.65052795,8.194207191
21/10/2016,18.4201355,0.756258,19.69086647,98.16939545,8.126247406
24/10/2016,18.23112106,0.755801,19.72621346,96.72600555,8.116538048
25/10/2016,18.31703568,0.756372,20.04438019,97.15054321,8.15537262
26/10/2016,17.90464401,0.759647,19.80575562,96.01847076,7.844692707
27/10/2016,17.60394478,0.764059,19.35502243,94.33922577,7.708769321
28/10/2016,17.44929695,0.76746,19.15175247,93.69771576,7.611682892
31/10/2016,17.60394478,0.772618,19.16943169,94.82036591,7.611682892
1/11/2016,17.55239487,0.763301,19.06337166,94.00904846,7.601972103
2/11/2016,17.0712719,0.760225,18.67450714,91.97132111,7.301001072
3/11/2016,17.11423111,0.759417,18.55961227,92.64112091,7.330127239
4/11/2016,17.42352104,0.765052,18.55961227,93.0750885,7.21362114
7/11/2016,18.53182411,0.764994,19.16059303,94.12224579,7.35925436
8/11/2016,18.3943615,0.759013,19.69970703,93.27319336,7.330127239
9/11/2016,17.71563339,0.759821,18.97499275,91.6505661,7.058280945
10/11/2016,18.08506584,0.760746,19.52294922,96.66942596,7.475759029
11/11/2016,18.4287281,0.764526,19.62016487,97.38639832,7.660226345
14/11/2016,18.35140228,0.765345,19.25781059,98.037323,7.650516987
15/11/2016,18.61773872,0.76858,19.30199814,95.70713806,7.504885197
16/11/2016,18.91843987,0.767872,19.37270164,93.5279007,7.485467911
17/11/2016,18.90985107,0.772022,19.12523842,95.36753082,7.524302483
18/11/2016,19.05590248,0.774593,19.4875946,94.57507324,7.757312775
21/11/2016,18.58337212,0.764935,19.3461895,93.92412567,7.757312775
22/11/2016,18.66069221,0.760861,19.65551376,94.65055084,7.776731491
23/11/2016,18.90985107,0.754945,20.07089615,94.04678345,7.592264175
24/11/2016,18.81534386,0.757117,20.23881721,93.59395599,7.737895012
25/11/2016,18.72942734,0.755344,20.42441177,93.63169098,7.708769321
28/11/2016,18.40295029,0.749457,20.17694855,92.88639832,7.679642677
29/11/2016,18.69506264,0.739809,20.0090332,93.29205322,7.883527756
30/11/2016,18.72942734,0.732332,19.96484184,92.45244598,8.058286667
1/12/2016,18.85830116,0.737681,20.91933441,93.6033783,8.077701569
2/12/2016,18.60055351,0.741015,20.65419579,92.52790833,7.776731491
5/12/2016,18.37717819,0.737463,20.41557503,90.22603607,7.669935226
6/12/2016,18.43731689,0.741675,20.38022423,90.80151367,7.747604847
7/12/2016,18.4802742,0.744546,20.96352577,90.93358612,7.825276375
8/12/2016,18.96998978,0.749457,21.24633598,89.95244598,7.844692707
9/12/2016,18.81534386,0.748447,21.69707108,89.62226868,7.94178009
12/12/2016,18.82393265,0.73888,22.14780426,86.88643646,8.03886795
13/12/2016,18.4115448,0.742115,22.11245728,89.65055847,8.048575401
14/12/2016,18.56619263,0.74438,21.81196404,91.32038879,8.077701569
15/12/2016,18.56619263,0.74744,21.65287971,91.33924103,8.126247406
16/12/2016,18.54900742,0.747217,21.52031326,91.44300842,8.15537262
19/12/2016,18.61773872,0.748615,21.83847427,91.79206848,8.271879196
20/12/2016,18.61773872,0.745951,21.39657974,92.56565857,8.281587601
21/12/2016,18.12802505,0.744823,21.25517464,93.20716095,8.281587601
22/12/2016,18.23112106,0.749738,21.21098709,92.63169861,8.271879196
23/12/2016,18.35999489,0.749457,21.52031326,92.26376343,8.252462387
28/12/2016,18.24830437,0.74107,21.91801834,93.78263855,8.378674507
29/12/2016,18.4287281,0.736811,22.04175186,93.89583588,8.368967056
30/12/2016,18.38576698,0.729129,21.83847427,94.72602081,8.330131531
3/01/2017,18.52323151,0.725111,22.05059052,95.1599884,8.398093224
4/01/2017,18.48886681,0.726956,21.86499214,95.32035828,8.359256744
5/01/2017,18.69506264,0.723537,21.8915062,96.27318573,8.271879196
6/01/2017,18.74660683,0.722178,22.06826019,96.53733826,8.184498787
9/01/2017,19.00435829,0.717927,22.45713234,98.11279297,8.291296959
10/01/2017,18.72942734,0.718081,21.99755669,98.11279297,8.291296959
11/01/2017,18.32563019,0.719114,22.16547966,97.99014282,8.368967056
12/01/2017,18.23112106,0.718494,22.09477806,95.24490356,8.291296959
13/01/2017,18.20534515,0.723484,22.00639915,95.35808563,8.281587601
16/01/2017,18.16238785,0.720981,21.8915062,95.17884827,8.388384819
17/01/2017,18.04211044,0.719683,21.5468235,94.52790833,8.378674507
18/01/2017,18.04211044,0.722993,21.75893593,93.50904846,8.126247406
19/01/2017,18.10225105,0.728704,21.74126053,105.1882477,8.194207191
20/01/2017,18.04211044,0.733837,21.4761219,108.1127625,8.067996025
23/01/2017,18.04211044,0.731208,21.49380112,105.2165375,8.077701569
24/01/2017,18.23971367,0.735998,21.37890434,106.1788177,8.660228729
25/01/2017,18.13661385,0.73616,21.39657974,105.942955,8.951493263
27/01/2017,18.21393967,0.744713,21.3347168,106.4901199,8.854406357
30/01/2017,18.20534515,0.748839,20.94585037,105.0939026,8.73789978
31/01/2017,17.88746262,0.749794,21.01655006,105.942955,8.669937134
1/02/2017,17.99056053,0.747328,19.82343483,106.90522,8.621395111
2/02/2017,18.16238785,0.75507,19.22245598,105.76371,8.524305344
3/02/2017,18.25689697,0.75092,19.3461895,106.0089951,8.495182037
6/02/2017,18.38576698,0.756659,19.09872818,105.4618225,8.572852135
7/02/2017,18.19675636,0.757346,19.24897385,106.19767,8.660228729
8/02/2017,18.57477951,0.758265,19.44340324,106.54673,8.73789978
9/02/2017,18.58337212,0.759244,19.40805244,106.7920151,8.786445618
10/02/2017,18.76379395,0.757404,19.54946136,107.8957748,8.88353157
13/02/2017,18.94421196,0.753352,19.13407707,108.55616,8.864114761
14/02/2017,18.82393265,0.755361,18.93080521,108.1787796,8.9320755
15/02/2017,18.93562889,0.756544,19.19594383,111.3202896,9.00003624
16/02/2017,18.60055351,0.758035,19.19594383,115.4712143,9.067998886
17/02/2017,18.35999489,0.75838,18.78780365,113.4617844,9.038872719
20/02/2017,18.40295029,0.765462,18.689394,113.0184021,9.097126961
21/02/2017,18.4287281,0.767601,18.96674156,112.5278397,9.097126961
22/02/2017,18.90985107,0.764584,19.12777519,113.7070618,9.116541862
23/02/2017,18.70365524,0.762253,19.12777519,113.1976471,9.14566803
24/02/2017,18.53182411,0.763172,18.689394,111.0749969,8.990326881
27/02/2017,18.60914803,0.76259,18.91305923,111.2542496,9.097126961
28/02/2017,18.48886681,0.767012,19.04725647,111.1882095,9.087413788
1/03/2017,18.47168541,0.76424,19.02041626,111.4335022,9.135958672
2/03/2017,18.4974575,0.76693,19.50353432,113.5183945,9.242756844
3/03/2017,18.54900742,0.772147,19.42301178,113.678772,9.262172699
6/03/2017,18.29985428,0.769823,19.48563957,113.424057,9.223339081
7/03/2017,18.43062782,0.766801,19.78982544,114.6127319,9.174791336
8/03/2017,18.61371613,0.768876,19.89718056,115.5561218,9.097126961
9/03/2017,18.4480648,0.767636,20.08506012,115.7164917,9.116541862
10/03/2017,18.61371613,0.769704,20.30872536,118.7825317,9.126251221
13/03/2017,18.57884026,0.771307,20.27293777,117.6787491,9.116541862
14/03/2017,18.6311512,0.767048,20.40713882,117.6410141,9.223339081
15/03/2017,18.55268478,0.767636,20.39818764,118.3227386,9.097126961
16/03/2017,18.57012367,0.764228,20.37135124,117.8003616,9.048582077
17/03/2017,18.47422218,0.765755,20.50555038,117.1450043,9.009745598
20/03/2017,18.61371613,0.757232,20.52344513,118.7786179,8.980618477
21/03/2017,18.70089912,0.759474,20.71132088,118.7691193,9.087413788
22/03/2017,18.40447617,0.758921,20.53238869,116.4231796,8.90294838
23/03/2017,18.56140518,0.759497,20.89025307,116.223732,9.048582077
24/03/2017,18.71833611,0.752899,21.13181305,117.2969818,9.106834412
27/03/2017,18.9101429,0.750751,21.10497093,116.6321335,9.048582077
28/03/2017,19.10194016,0.754375,21.33758354,116.8220901,9.116541862
29/03/2017,19.33733749,0.756659,21.58808517,118.0852966,9.135958672
30/03/2017,19.38964844,0.75655,21.61492538,119.1870193,9.135958672
31/03/2017,19.28503227,0.770594,21.53440475,119.0350647,9.019454956
3/04/2017,19.24143791,0.766989,21.48967361,119.8898544,9.135958672
4/04/2017,19.02347755,0.770475,21.5522995,120.136795,9.097126961
5/04/2017,18.97116852,0.773036,21.47177696,120.0513229,9.058290482
6/04/2017,18.72705078,0.767413,21.60598183,121.5614471,8.922367096
7/04/2017,18.76192856,0.766942,21.38231087,122.0078659,8.873822212
10/04/2017,18.77936554,0.763417,21.47177696,121.8558884,8.922367096
11/04/2017,18.75321007,0.763301,21.51651573,122.0173492,8.922367096
12/04/2017,18.87526512,0.762893,21.4628334,121.295517,8.922367096
13/04/2017,18.8055172,0.76524,21.09602547,121.5519638,8.728192329
18/04/2017,18.55268478,0.767048,21.09602547,122.2453003,8.844696045
19/04/2017,18.57012367,0.765521,20.77394676,121.2290421,8.82528019
20/04/2017,18.76192856,0.762992,20.89025307,121.5139694,8.941784859
21/04/2017,18.71833611,0.760514,20.86341095,121.9698563,8.864114761
24/04/2017,18.77936554,0.756888,21.08707809,122.1313248,8.970910072
26/04/2017,19.03219795,0.756779,21.29284859,123.5749741,9.126251221
27/04/2017,19.18912888,0.754148,21.07813072,124.3158112,9.262172699
28/04/2017,19.25887299,0.750723,21.29284859,125.8924179,8.893239975
1/05/2017,19.31118393,0.750694,21.14075661,126.1203537,8.941784859
2/05/2017,19.49427223,0.750362,21.32863426,126.2628479,8.922367096
3/05/2017,19.71223068,0.753909,21.00655556,126.7282181,9.009745598
4/05/2017,19.66863823,0.756601,21.38231087,126.9371643,9.029164314
5/05/2017,19.61632919,0.758093,21.2302227,126.908699,9.058290482
8/05/2017,20.06096649,0.759186,21.29284859,127.7444534,9.106834412
9/05/2017,20.00865364,0.755915,21.29284859,127.5070572,9.058290482
10/05/2017,20.26148605,0.749625,21.65071487,127.9534302,8.98326683
11/05/2017,20.4794445,0.751908,22.02646637,128.9316864,9.041727066
12/05/2017,20.18302155,0.755572,21.73122978,127.3930588,8.954035759
15/05/2017,20.226614,0.755972,21.53440475,127.5640411,9.041727066
16/05/2017,20.23533058,0.753693,21.82964134,127.554512,9.051467896
17/05/2017,19.93890762,0.748033,21.40915489,125.9873962,8.993011475
18/05/2017,19.59016991,0.74672,21.33758354,123.3090363,8.895578384
19/05/2017,19.58145142,0.748341,21.63282013,124.477272,8.85660553
22/05/2017,19.63376236,0.753409,21.32863426,123.7269516,8.934551239
23/05/2017,19.65991974,0.754318,21.32863426,124.5152359,9.012496948
24/05/2017,19.54657936,0.742887,21.59703445,126.4242935,9.080699921
25/05/2017,19.57273483,0.741235,22.52747536,125.6264725,9.100185394
26/05/2017,19.67735291,0.741581,21.00655556,125.4555283,9.158643723
29/05/2017,19.77325821,0.73888,20.64869499,126.2058563,9.158643723
30/05/2017,19.79941177,0.734241,20.89025307,125.0281372,9.168387413
31/05/2017,20.19174004,0.736106,20.89919853,122.7961578,9.168387413
1/06/2017,20.67124557,0.737898,21.28390121,124.7241974,9.402224541
2/06/2017,20.87177277,0.73929,21.257061,125.3700409,9.528886795
5/06/2017,20.70612335,0.742054,21.03339958,125.6074829,9.558117867
6/06/2017,20.35738754,0.742115,20.60396004,123.5654907,9.489914894
7/06/2017,20.42713356,0.743108,20.60396004,124.686203,9.421711922
8/06/2017,20.19174004,0.742225,20.53238869,128.5233154,9.431456566
9/06/2017,20.13070869,0.745212,20.26399422,128.2668457,9.489914894
13/06/2017,20.84561539,0.747105,21.07813072,130.7362976,9.519145966
14/06/2017,20.9328022,0.747161,21.8743763,134.905777,9.723751068
15/06/2017,20.99382973,0.749749,21.80280113,132.4458313,9.714009285
16/06/2017,21.01998329,0.745601,21.83859062,132.0184479,9.791956902
19/06/2017,21.11588669,0.744435,21.47177696,132.6073151,9.830928802
20/06/2017,20.96767426,0.743882,21.37336731,131.6005707,10.03553772
21/06/2017,20.84561539,0.745935,21.2033844,132.4933319,10.08425331
22/06/2017,20.8368969,0.742666,21.18549156,133.9180298,10.06476593
23/06/2017,20.99382973,0.737953,21.35547447,136.1309814,10.01604939
26/06/2017,21.15076256,0.74287,21.18549156,135.5516052,10.06476593
27/06/2017,21.14204216,0.748727,21.36441803,133.7280273,9.94784832
28/06/2017,21.29897118,0.750976,21.36441803,133.4051361,9.85041523
29/06/2017,21.42975044,0.754205,21.4628334,134.9342651,9.899131775
30/06/2017,21.11588669,0.752831,21.2302227,131.0971832,9.782213211
3/07/2017,20.77586937,0.753012,20.78289413,128.4758148,9.801700592
4/07/2017,21.16819954,0.754774,20.57712173,129.6250153,9.840672493
5/07/2017,20.34866714,0.753807,20.53238869,128.2193756,9.860159874
6/07/2017,20.4009819,0.758898,20.30872536,130.118927,9.860159874
7/07/2017,19.9650631,0.758553,20.0045433,127.4310455,9.694523811
10/07/2017,19.78197479,0.762137,20.42503166,126.623764,9.85041523
11/07/2017,19.82556534,0.759192,20.18347168,125.8069611,9.772467613
12/07/2017,19.48555183,0.75761,19.95086288,122.6157074,9.67503643
13/07/2017,19.66863823,0.755087,20.21926117,126.0918808,9.752984047
14/07/2017,19.86044121,0.754148,20.25504494,124.3158112,9.67503643
17/07/2017,19.93890762,0.756767,20.32661819,123.4230042,9.645807266
18/07/2017,19.70351028,0.758438,20.03138161,121.9128723,9.480171204
19/07/2017,19.67735291,0.758668,19.83455658,121.5614471,9.489914894
20/07/2017,19.71223068,0.763592,19.94191742,120.9915848,9.752984047
21/07/2017,19.7645359,0.768521,19.87034225,120.42173,9.577605247
24/07/2017,19.63376236,0.768829,19.77192879,119.6809006,9.47042942
25/07/2017,19.78197479,0.766618,20.12979317,122.102829,9.558117867
26/07/2017,19.77325821,0.761209,20.42503166,123.4799805,9.577605247
27/07/2017,19.7645359,0.760092,20.24610138,122.3497696,9.402224541
28/07/2017,19.45939636,0.757978,20.01348686,119.6144257,9.392484665
31/07/2017,19.43324089,0.760514,19.6556263,119.6714249,9.411969185
1/08/2017,19.47683144,0.760514,19.44090843,120.6781616,9.411969185
2/08/2017,19.40708542,0.763901,19.57510567,121.0770798,8.87609005
3/08/2017,19.4419632,0.767919,19.68246841,120.6211777,9.002752304
4/08/2017,19.5117054,0.774054,19.68246841,121.7039261,9.187874794
7/08/2017,19.73838615,0.782522,19.85245132,121.4379883,9.256077766
8/08/2017,19.73838615,0.779101,19.69141197,120.5831909,9.246333122
9/08/2017,19.99993706,0.791828,19.87034225,122.0268402,9.197616577
10/08/2017,20.00865364,0.79602,19.79877281,121.3620071,9.168387413
11/08/2017,19.85172272,0.794786,19.27986908,119.9183578,9.012496948
14/08/2017,19.93018913,0.792531,18.689394,119.9658356,9.002752304
15/08/2017,20.1219902,0.79277,19.23513603,120.7921295,9.090442657
16/08/2017,20.56663132,0.793273,19.3603878,118.9780731,9.084568977
17/08/2017,19.99121666,0.800013,19.53037453,120.6211777,9.06498909
18/08/2017,19.74710274,0.797359,19.65722084,122.150322,9.123725891
21/08/2017,19.5204258,0.798594,19.43044281,120.3077545,9.045412064
22/08/2017,19.43324089,0.799872,19.5392971,121.6184464,9.104148865
23/08/2017,19.30246353,0.795608,19.77514648,121.8843765,9.29014492
24/08/2017,19.21528435,0.79552,19.5937233,121.570961,9.182463646
25/08/2017,19.23271751,0.795988,19.34880066,122.0933228,9.172673225
28/08/2017,19.18040657,0.793084,19.60279274,121.7609024,9.123725891
29/08/2017,19.06707382,0.791672,19.43951416,120.4787216,9.260777473
30/08/2017,18.94501114,0.789827,19.43044281,120.4692078,9.221619606
31/08/2017,19.09322548,0.78916,19.79328918,122.0648346,9.397830009
1/09/2017,19.18040657,0.786658,19.69350433,124.4107971,9.564249992
4/09/2017,19.02347755,0.790408,19.5030098,123.9073868,9.495723724
5/09/2017,18.70961571,0.785361,19.45765495,124.3063126,9.544671059
6/09/2017,18.68346214,0.782595,19.41230011,125.6359711,9.427199364
7/09/2017,18.66602707,0.79321,19.51208496,124.3727875,9.456565857
8/09/2017,18.68384361,0.787526,19.44858551,124.6672058,9.583827019
11/09/2017,18.92440796,0.792751,19.77514648,125.8544235,9.720880508
12/09/2017,18.83530998,0.793777,19.86585999,126.8254395,9.877511024
13/09/2017,18.81749153,0.791327,19.88400078,126.5193939,9.789405823
14/09/2017,18.63929558,0.791077,19.82049942,125.5247879,9.720880508
15/09/2017,18.83530998,0.790014,19.83864594,125.2474365,9.799196243
18/09/2017,19.04023361,0.79406,19.85678673,125.7256088,9.701302528
19/09/2017,19.02241898,0.792456,19.83864594,125.2378464,9.789405823
20/09/2017,19.10260391,0.795672,20.09263611,127.9157104,9.691511154
21/09/2017,18.99568558,0.790701,20.01099586,127.0167313,9.63277626
22/09/2017,19.00459671,0.793966,19.83864594,127.2749405,9.485935211
25/09/2017,19.08478355,0.79647,20.01099586,128.0209045,9.476145744
26/09/2017,18.9065876,0.794534,20.09263611,126.7489471,9.476145744
27/09/2017,18.79076195,0.800698,20.21963501,126.6532974,9.525093079
28/09/2017,18.78185081,0.80109,20.3647728,128.0974274,9.554460526
29/09/2017,18.63038445,0.805802,20.21056175,128.1165771,9.534880638
2/10/2017,18.81749153,0.805153,20.38291359,128.9964142,9.622984886
3/10/2017,18.71948433,0.802375,20.39198303,128.6425629,9.691511154
4/10/2017,18.47891808,0.802008,20.3284874,127.4757538,9.485935211
5/10/2017,18.40764236,0.797957,20.44641495,127.4375381,9.613197327
6/10/2017,18.5501976,0.800179,20.65504837,128.9390259,9.711090088
9/10/2017,18.76403236,0.79968,20.77297401,130.4883728,9.701302528
10/10/2017,18.72839165,0.797111,20.8273983,130.163208,9.554460526
11/10/2017,18.9689579,0.800576,21.10860825,130.73703,9.622984886
12/10/2017,19.15606308,0.801667,21.77080154,131.9707794,9.65235424
13/10/2017,19.41444778,0.793059,21.9068737,131.6551666,9.720880508
16/10/2017,19.32535362,0.796495,21.91594315,132.0759735,9.681721687
17/10/2017,19.23625183,0.793682,21.77080154,132.8889008,9.720880508
18/10/2017,19.20952034,0.787761,21.68008804,135.2798309,9.828562737
19/10/2017,19.20061302,0.785071,21.62566566,134.8016663,9.799196243
20/10/2017,19.33425903,0.784628,21.60752296,133.8166046,9.779615402
23/10/2017,19.25407219,0.78456,21.63473701,133.6444397,9.818774223
24/10/2017,19.24515915,0.782718,21.46238327,133.8070221,9.906878471
25/10/2017,19.20061302,0.783631,21.55309486,133.3479309,9.975403786
26/10/2017,19.49463272,0.78617,21.58938026,133.7496338,9.936246872
27/10/2017,19.31644058,0.779059,21.60752296,133.2523193,10.42571735
30/10/2017,19.43226624,0.777938,21.64380646,133.8357086,10.73897839
31/10/2017,19.39662743,0.775916,21.77080154,132.869751,10.6019268
1/11/2017,19.31644058,0.778652,21.8161602,134.1513062,10.87602901
2/11/2017,19.33425903,0.780457,21.8524437,134.294754,10.68024063
3/11/2017,19.34316444,0.782779,21.77987289,134.8398895,10.44529724
6/11/2017,19.30753136,0.788569,21.8705883,136.7813568,10.64108372
7/11/2017,19.48572922,0.784418,22.07015038,138.2828674,10.6606636
8/11/2017,19.37881088,0.78517,21.87965965,137.9768524,10.57718372
9/11/2017,19.55700684,0.784252,21.9431591,139.4209595,10.54772377
10/11/2017,19.58373451,0.787507,22.16993332,137.7185974,10.58700562
13/11/2017,19.56591415,0.780701,22.13364792,137.3551941,10.61646843
14/11/2017,19.14715195,0.78125,21.96129608,134.6486053,10.75396156
15/11/2017,19.01350784,0.777544,21.95222855,135.088562,10.85217285
16/11/2017,19.08478355,0.77079,21.7617321,134.5625458,10.92092037
17/11/2017,19.33425903,0.765972,21.8161602,135.9110565,10.94056129
20/11/2017,19.55700684,0.766812,22.08829308,136.714386,10.97002602
21/11/2017,19.23625183,0.769764,22.26971626,137.3934631,11.00930786
22/11/2017,19.25407219,0.76599,22.08829308,138.7036896,11.04859161
23/11/2017,19.36098862,0.767695,22.07015038,139.6696014,11.06823444
24/11/2017,19.55700684,0.771391,22.21528816,140.1669159,10.94056129
27/11/2017,19.69065285,0.765169,22.26971626,140.9225006,10.9012785
28/11/2017,19.81538773,0.768994,22.35135651,140.779007,10.93074131
29/11/2017,19.91339684,0.765509,22.33321381,139.6026611,10.97002602
30/11/2017,19.85102844,0.767872,22.25157547,137.0874023,11.02894974
1/12/2017,20.12722969,0.768262,22.52371025,139.2488403,11.02894974
4/12/2017,20.08268547,0.764701,22.70513344,138.9714813,10.85217285
5/12/2017,20.07377052,0.761499,22.59627914,138.0724792,10.80306625
6/12/2017,20.0648632,0.763126,22.66884804,135.2224579,10.9012785
7/12/2017,20.23414803,0.763126,22.78677559,135.949295,11.0584116
8/12/2017,20.35888481,0.758731,22.65070534,135.8345337,11.17626381
11/12/2017,20.40343475,0.755401,22.88655663,135.2606812,11.23518848
12/12/2017,20.34997749,0.755572,22.7142067,134.4764557,11.06823444
13/12/2017,20.43907547,0.758489,22.79584503,135.3563538,10.97002602
14/12/2017,20.4479847,0.761383,22.40578461,134.6677399,10.82270908
15/12/2017,20.56381035,0.762567,22.26971626,133.9217529,10.73432064
18/12/2017,20.69745827,0.761197,22.34228516,135.1172638,10.95038128
19/12/2017,20.68854713,0.760717,22.5509243,136.2553558,10.94056129
20/12/2017,20.66181946,0.760549,22.79584503,135.4424286,11.00930786
21/12/2017,20.57271957,0.756659,22.74141884,134.9068146,10.91109657
22/12/2017,20.50144386,0.756344,22.29692841,135.0407104,10.80306625
27/12/2017,20.46580315,0.759013,22.02479744,134.9737854,10.79324627
28/12/2017,20.50144386,0.76041,21.9431591,134.7825317,10.8128891
29/12/2017,20.36779594,0.760462,22.04294014,135.1363831,10.79324627
2/01/2018,20.33215523,0.756687,21.8887291,134.4190674,10.63611031
3/01/2018,20.29651833,0.751202,21.58938026,133.3383789,10.70485783
4/01/2018,20.39452362,0.750807,21.99758339,135.3754578,10.8128891
5/01/2018,20.75091743,0.75295,21.97037125,136.4753265,10.79324627
8/01/2018,20.93802261,0.755658,22.05200768,137.0491333,10.95038128
9/01/2018,20.93802261,0.763301,21.8887291,135.7101898,10.95038128
10/01/2018,20.87565231,0.766501,21.50773811,135.8058319,10.94056129
11/01/2018,20.91129112,0.765111,21.8887291,134.6103821,10.78342533
12/01/2018,20.92020416,0.766577,21.75265884,135.6432495,10.80306625
15/01/2018,21.07167053,0.765345,21.61659431,136.7622223,10.74414158
16/01/2018,20.91129112,0.767224,21.8161602,135.958847,10.8128891
17/01/2018,20.94693375,0.770772,21.9068737,135.8249664,10.84235001
18/01/2018,20.72418785,0.771486,21.61659431,136.169281,10.82270908
19/01/2018,20.84892654,0.772559,21.52588272,137.6516571,10.9012785
22/01/2018,20.59054184,0.773043,21.55309486,139.0575256,10.84235001
23/01/2018,20.56381035,0.777484,21.55309486,140.1095581,11.75570107
24/01/2018,20.5816288,0.779429,21.71637535,141.3815155,12.07979393
25/01/2018,20.52817345,0.780214,21.96129608,141.1233063,12.11907768
29/01/2018,20.56381035,0.780104,22.20621872,143.3038635,12.43334866
30/01/2018,20.75982666,0.783392,22.07922173,141.0659332,12.07979393
31/01/2018,21.24986649,0.78284,22.81398773,140.0330353,12.24674797
1/02/2018,21.65080833,0.78638,22.95912552,139.6409302,12.24674797
2/02/2018,21.96264839,0.786102,23.04076576,140.865097,12.11907768
5/02/2018,22.14975357,0.784806,23.14962387,140.0521545,11.96194077
6/02/2018,21.69535446,0.781067,22.37856865,134.3712769,11.37268448
7/02/2018,21.71317863,0.784732,22.59627914,136.188385,11.59432602
8/02/2018,21.99828911,0.788581,22.55999565,136.714386,11.64357853
9/02/2018,21.73099518,0.790889,22.5146389,134.3234406,11.42686272
12/02/2018,21.7042675,0.796292,21.64380646,134.1417389,11.43671417
13/02/2018,21.76663208,0.79713,22.11550522,135.8727875,11.36775589
14/02/2018,21.57061768,0.797251,21.9068737,142.7778625,11.36775589
15/02/2018,21.17858696,0.800576,22.02479744,144.8914337,11.5352211
16/02/2018,21.2587738,0.800211,21.51940536,146.6990051,11.62387753
19/02/2018,21.49042702,0.800833,22.09704781,149.0612488,11.61402512
20/02/2018,21.45479202,0.800448,22.42712402,149.1951752,11.5450716
21/02/2018,21.41915131,0.804894,22.66551781,150.0080872,11.70268345
22/02/2018,21.45479202,0.802923,23.00476837,151.4139557,11.77163792
23/02/2018,21.49042702,0.811688,23.10562706,153.890976,11.82089233
26/02/2018,21.52607155,0.809599,23.34401894,156.2053986,11.8996973
27/02/2018,21.68644524,0.81011,23.92165565,157.4773865,12.09671211
28/02/2018,21.82900429,0.806127,24.06836128,156.0523682,12.11641502
1/03/2018,21.60625839,0.804052,23.89414787,154.3787231,12.05731106
2/03/2018,21.33896255,0.790639,23.60074615,153.0684967,11.8799963
5/03/2018,21.37460327,0.787464,23.56407166,154.0440216,11.90954781
6/03/2018,21.49199295,0.789391,23.80246162,156.3010406,12.09671211
7/03/2018,21.27526665,0.781739,23.58240891,154.3309021,11.97850418
8/03/2018,21.52811623,0.77875,23.86664391,156.3488617,12.234622
9/03/2018,21.68163109,0.78202,23.96750069,156.6070709,12.41193676
12/03/2018,21.78096199,0.785916,23.93082619,158.4337616,12.47104168
13/03/2018,21.71775055,0.786102,23.71994209,158.7015839,12.34298229
14/03/2018,21.54617691,0.792833,23.56407166,158.0904999,12.33313084
15/03/2018,21.60035896,0.794382,23.62825394,158.0231628,12.30357933
16/03/2018,21.55520821,0.791202,23.72910881,159.3125153,12.31342888
19/03/2018,21.51005554,0.790889,23.78412437,160.2939606,12.50059319
20/03/2018,21.31138992,0.78809,23.53656387,158.177124,12.56954861
21/03/2018,21.16690445,0.779843,23.49072075,157.5420685,12.55969906
22/03/2018,21.13078499,0.783951,23.21565247,156.5702209,12.43163776
23/03/2018,20.95921135,0.78384,22.87639999,152.7502747,12.234622
26/03/2018,20.92308998,0.784991,23.02310562,150.5853119,12.30357933
27/03/2018,20.96824074,0.779362,23.39903259,152.5578156,12.5498457
28/03/2018,20.71539497,0.776578,23.1239624,151.0760345,12.35283089
29/03/2018,20.66121292,0.77647,23.16063881,149.5846252,12.17551804
3/04/2018,20.50769615,0.77547,23.11479187,150.1042175,12.30357933
4/04/2018,20.41739655,0.776699,23.03227615,151.8746643,12.29372787
5/04/2018,20.59799957,0.778634,23.32567978,153.2024994,12.03760815
6/04/2018,20.61606216,0.782712,23.23398972,152.0189819,12.05731106
9/04/2018,20.92308998,0.779059,23.64659309,153.5873871,12.13611412
10/04/2018,20.74248314,0.786269,23.38986206,152.3076324,12.18536949
11/04/2018,20.80569839,0.78729,23.32567978,152.836853,12.18536949
12/04/2018,20.63412094,0.785799,23.2614975,153.2698517,12.21492195
13/04/2018,20.81472588,0.787979,23.2614975,154.2898102,12.50059319
16/04/2018,20.98630333,0.778938,23.38986206,155.0595703,12.59910011
17/04/2018,21.09466362,0.771605,23.47238159,155.1942596,12.63850307
18/04/2018,21.13981819,0.770832,23.47238159,154.1069946,12.73701096
19/04/2018,20.99533081,0.769053,23.58240891,153.7606201,12.7271595
20/04/2018,20.84181786,0.777478,23.5457325,153.8375702,12.75671196
23/04/2018,20.83278847,0.769349,23.67409706,153.5104065,12.63850307
24/04/2018,21.04951096,0.770861,23.71077347,155.6368866,12.60895061
26/04/2018,21.1127224,0.775615,23.73827934,159.3894653,12.46119022
27/04/2018,21.35654259,0.768758,23.7566185,163.9503632,12.75671196
30/04/2018,21.32945061,0.766008,23.91248703,163.9214783,12.49074364
1/05/2018,21.3384819,0.76858,23.97666931,162.5647583,12.43163776
2/05/2018,21.43781281,0.768303,24.1783886,163.296051,12.62865353
3/05/2018,21.50102806,0.765462,24.38927269,164.1042938,12.65820599
4/05/2018,21.51005554,0.768203,24.34342575,163.7771606,12.70745754
7/05/2018,21.44684601,0.771998,24.5359726,163.5366211,12.8847723
8/05/2018,21.43781281,0.76683,24.44428253,165.9228668,12.91432476
9/05/2018,21.35654259,0.768226,24.34342575,166.6926422,12.9390173
10/05/2018,21.37460136,0.769959,24.45345306,169.4253082,13.14643669
11/05/2018,21.37460136,0.776398,24.31591797,169.1173859,13.33410263
14/05/2018,21.50102806,0.776518,24.48096275,170.2143097,13.40323925
15/05/2018,21.36557007,0.775735,24.63683319,170.8493652,13.38348675
16/05/2018,21.68163109,0.777448,24.77436638,171.599884,13.41311741
17/05/2018,21.39266205,0.777291,24.43511391,169.0500641,13.37360954
18/05/2018,21.3384819,0.776699,24.1783886,176.0356598,13.27483749
21/05/2018,21.7719326,0.778889,24.36176491,179.0858459,13.39336491
22/05/2018,21.76290512,0.772338,24.29758263,177.3634949,13.33410263
23/05/2018,21.7719326,0.76599,24.20589256,175.4102325,13.28471565
24/05/2018,21.80805397,0.760341,24.24257088,176.1799927,13.38348675
25/05/2018,21.64550781,0.76063,23.86664391,176.4686584,13.46250534
28/05/2018,21.36557007,0.757117,23.9033165,176.1799927,13.38348675
29/05/2018,21.41975403,0.755687,23.93082619,178.1428986,13.47238064
30/05/2018,21.41975403,0.757518,24.12337494,179.9903259,13.35385704
31/05/2018,21.27526665,0.753239,24.06836128,178.8260651,13.35385704
1/06/2018,21.48296547,0.74829,24.25173759,179.1724548,13.43287277
4/06/2018,21.31138992,0.748671,24.11420441,181.4336395,13.52176666
5/06/2018,21.30236435,0.752842,24.0408535,179.8748779,13.50201321
6/06/2018,21.51005554,0.752423,24.45345306,182.4728241,13.66992378
7/06/2018,21.81708527,0.75188,24.54514313,182.1937866,13.72918701
8/06/2018,21.89835739,0.744934,24.58181763,182.0398407,13.69955444
12/06/2018,21.89835739,0.745935,24.43511391,183.9546356,13.79832649
13/06/2018,21.92545128,0.752615,24.29758263,182.1071777,13.93660355
14/06/2018,21.58229637,0.75511,24.14171219,179.7305145,13.88721943
15/06/2018,21.97059822,0.752598,24.70101738,177.5463562,14.13414764
18/06/2018,21.988657,0.746848,24.86605453,179.5380707,13.99586868
19/06/2018,22.31374741,0.751767,25.15946007,184.4068451,14.10451698
20/06/2018,22.56659317,0.750638,25.50787735,186.4852142,14.27242565
21/06/2018,22.68398857,0.752428,25.76460457,190.9979706,14.40082932
22/06/2018,22.79235077,0.758265,25.70042229,190.9691162,14.30205917
25/06/2018,22.5485363,0.757892,25.36117363,190.3628998,14.31193542
26/06/2018,22.51241493,0.756716,25.19613457,189.0639191,14.13414764
27/06/2018,22.5395031,0.757197,25.21446991,187.630249,14.11439323
28/06/2018,22.50338173,0.755687,25.22364235,187.4762878,13.95635986
29/06/2018,22.15120506,0.754774,24.93023682,185.3401794,13.92672825
2/07/2018,22.20538521,0.748167,25.11361313,187.110672,13.8180809
3/07/2018,22.31374741,0.757117,25.14112282,190.353302,13.8279562
4/07/2018,22.45823097,0.756212,25.01275826,189.5642853,13.80820179
5/07/2018,22.56659317,0.756882,24.97608185,190.6034393,13.89709568
6/07/2018,22.65689659,0.765404,24.9577446,190.7285614,14.18353271
9/07/2018,22.7562294,0.762462,24.93940735,189.8433228,14.06500721
10/07/2018,22.78332329,0.766577,24.84771729,188.4577484,14.2427969
11/07/2018,22.68398857,0.761441,24.7468586,188.1979523,14.25267315
12/07/2018,23.89404106,0.76019,25.14112282,193.0186005,14.4699688
13/07/2018,23.68634796,0.760462,25.02192688,196.828949,14.58849621
16/07/2018,23.80373955,0.757576,24.89356232,191.1326752,14.53911018
17/07/2018,23.65925598,0.757071,25.04026222,189.6701202,14.43045998
18/07/2018,23.99337578,0.746547,25.09527588,192.0660248,14.64775658
19/07/2018,23.92113304,0.743992,25.56289101,193.2399139,14.4600935
20/07/2018,24.15591621,0.740357,25.82878685,195.52034,14.6872654
23/07/2018,23.77665138,0.738825,25.56289101,193.2399139,14.48972511
24/07/2018,23.94822311,0.737409,26.5164566,194.7986908,14.65763474
25/07/2018,23.67731667,0.737898,26.58063889,191.5464478,14.35144424
26/07/2018,23.70440674,0.743837,26.61731529,190.6419678,14.38107395
27/07/2018,23.7405262,0.74096,26.6906662,191.8062439,14.54898643
30/07/2018,23.59604263,0.739169,26.67232895,190.0935059,14.12427044
31/07/2018,23.55089188,0.734322,26.41559601,189.1793976,13.91685104
1/08/2018,23.63216591,0.734646,26.25972748,190.2955627,14.01562309
2/08/2018,23.82179832,0.739864,26.18637466,189.1986694,14.22304153
3/08/2018,23.65925598,0.733891,26.36975288,191.0075836,14.27242565
6/08/2018,23.5238018,0.737844,26.31474113,191.9505463,14.02549839
7/08/2018,23.39737892,0.738171,26.09468651,193.9519653,14.15390205
8/08/2018,23.48768044,0.738662,26.09468651,193.9808197,14.36132145
9/08/2018,23.60507202,0.743633,25.9846611,193.0282288,14.29218006
10/08/2018,23.48768044,0.747049,25.93881416,194.9718933,14.52923298
13/08/2018,23.3070755,0.7414,25.50787735,194.6543579,14.61812687
14/08/2018,23.70440674,0.736589,25.54455185,194.0673981,14.62800217
15/08/2018,24.18301201,0.740686,25.76460457,206.4702606,14.79591274
16/08/2018,23.74955559,0.742115,25.67291641,208.4812469,14.6872654
17/08/2018,23.12646866,0.741471,25.49870872,207.6922607,14.49960136
20/08/2018,22.93683624,0.737741,23.6557579,210.2421112,14.48972511
21/08/2018,23.1987133,0.739891,23.41736984,210.7713318,14.37119865
22/08/2018,22.93683624,0.736279,23.85747528,208.7025604,14.32181263
23/08/2018,23.10840988,0.743301,23.40820122,209.8572235,14.53911018
24/08/2018,23.15356064,0.738007,23.56747627,215.9479828,14.74652767
27/08/2018,22.93683624,0.742622,23.28867912,216.3040161,14.6872654
28/08/2018,23.13550186,0.74594,23.51171494,216.2847595,14.81566906
29/08/2018,23.15356064,0.738007,23.37231827,214.9088287,15.0132103
30/08/2018,23.47865105,0.740083,23.32585335,217.7473145,15.19099808
31/08/2018,23.65022469,0.74073,23.32585335,218.7191467,15.28976822
3/09/2018,23.78568077,0.74195,23.29797363,220.7590179,15.40829468
4/09/2018,23.74955559,0.740582,23.39090538,221.576889,15.34903145
5/09/2018,23.37028503,0.736008,23.40019608,218.8442383,15.30952358
6/09/2018,22.981987,0.73959,23.21433258,208.9527588,15.1119833
7/09/2018,23.06326103,0.738552,23.11211014,202.6887665,15.42804718
10/09/2018,23.21677399,0.742446,23.48383713,204.1898346,15.53669739
11/09/2018,23.29804611,0.742777,23.63252831,203.8976746,15.41817093
12/09/2018,23.49135208,0.737246,22.99130058,205.1754913,15.46755791
13/09/2018,22.97586632,0.72881,22.84260559,199.7447662,15.29964638
14/09/2018,23.12314987,0.726797,23.40949249,203.8879547,15.6749773
17/09/2018,23.03110123,0.723589,23.17716408,201.5743713,15.69473171
18/09/2018,23.45453262,0.723369,23.15857697,198.7283325,15.39841747
19/09/2018,23.04950905,0.725953,23.34444046,196.0178223,15.43792629
20/09/2018,23.04950905,0.730818,23.55817986,200.2675018,15.27001572
21/09/2018,23.27963638,0.733649,23.67899323,200.4998474,15.36878586
24/09/2018,23.23361015,0.735981,23.67899323,197.7893524,15.36878586
25/09/2018,23.47294044,0.733299,23.76263046,198.3605042,15.51694298
26/09/2018,23.27963638,0.724323,23.50242424,196.5018921,15.68485451
27/09/2018,23.11394501,0.734408,23.48383713,195.5628662,15.76387024
28/09/2018,22.929842,0.734862,23.46525002,194.6819458,15.6749773
1/10/2018,22.81938171,0.734107,23.28867912,196.8116302,15.84288883
2/10/2018,23.04030609,0.731192,23.2329216,192.9588318,15.68485451
3/10/2018,23.32566071,0.726164,23.51171494,192.1747437,15.6749773
4/10/2018,23.29804802,0.719321,23.65111351,193.2298889,15.58608341
5/10/2018,23.28883934,0.720825,23.67899323,193.6267853,15.35891056
8/10/2018,23.15996742,0.718339,23.36302567,190.8194885,15.28976822
9/10/2018,22.71812439,0.719611,22.88907242,182.1942749,14.93419361
10/10/2018,22.59845734,0.719062,22.64744949,185.6695099,14.78603649
11/10/2018,22.04615402,0.711794,21.95046616,179.5708923,14.18353271
12/10/2018,21.80682182,0.710985,21.99692726,182.8525238,14.27242565
15/10/2018,21.56748962,0.711071,21.39287376,182.8815765,14.38107395
16/10/2018,21.5490818,0.717062,21.37428665,182.3394775,14.20328808
17/10/2018,21.87125969,0.718804,21.72742653,186.8311768,14.72677422
18/10/2018,21.91728592,0.714592,22.0712738,182.7750854,14.70701981
19/10/2018,21.71477509,0.714592,21.43933678,182.0490417,14.63788128
22/10/2018,21.55828857,0.722601,20.82599068,178.8254852,14.19341087
23/10/2018,21.48464394,0.725953,21.32781982,175.3599396,14.17365646
24/10/2018,21.72397804,0.728651,21.42075157,176.2795563,13.92672825
25/10/2018,20.95075035,0.727855,21.01185608,169.1064148,13.58102989
26/10/2018,20.49970436,0.725321,20.84457588,171.2457581,14.07488537
29/10/2018,20.60095787,0.7249,20.92821693,177.5380096,14.59837246
30/10/2018,20.7758522,0.725789,21.4672184,181.4488525,14.56873989
31/10/2018,20.75744438,0.720513,21.54156303,181.9909668,14.61812687
1/11/2018,20.8586998,0.722392,21.77389526,182.2620544,14.60824871
2/11/2018,20.90472412,0.722857,21.6623764,186.0373688,14.61812687
5/11/2018,20.7298317,0.718752,21.39287376,181.5263214,14.45021534
6/11/2018,20.80347061,0.709623,21.2627697,181.032608,14.36132145
7/11/2018,20.57334328,0.7081,21.29994202,182.3007507,14.27242565
8/11/2018,20.53652382,0.705288,21.41146278,184.9919128,14.52923298
9/11/2018,20.70221138,0.707364,21.8389473,184.4885101,14.77616024
12/11/2018,20.82188034,0.711491,22.02481079,186.7053223,14.61812687
13/11/2018,20.44447136,0.706414,21.48580551,181.884491,14.14402485
14/11/2018,19.97501373,0.712454,21.29994202,177.7316284,13.88721943
15/11/2018,19.86455345,0.710783,21.43004417,178.3705292,13.8279562
16/11/2018,20.14070129,0.713542,21.60661697,177.7993622,13.90697384
19/11/2018,19.98421669,0.713913,21.44863319,176.4731445,14.02549839
20/11/2018,19.85534668,0.711101,21.18842125,170.1325226,13.8279562
21/11/2018,20.66539383,0.709723,21.10478592,173.056015,13.84771061
22/11/2018,20.82188034,0.711329,21.29994202,178.9029541,13.88721943
23/11/2018,21.08882523,0.707269,21.19771767,176.4925537,14.00574398
26/11/2018,21.19928741,0.709119,21.03973389,173.9562683,14.13414764
27/11/2018,21.24531174,0.706299,21.38358116,173.7626648,14.23291779
28/11/2018,21.3373642,0.708115,21.43004417,174.0337372,14.37119865
29/11/2018,21.42941666,0.709774,21.50439262,175.0211334,14.69714355
30/11/2018,20.98756981,0.706329,21.19771767,171.7297668,14.80578995
3/12/2018,20.84029198,0.709925,21.8482399,177.6251526,15.13173485
4/12/2018,20.67459679,0.708316,21.31853104,175.9698029,14.98358059
5/12/2018,20.75744438,0.720513,21.15124893,174.0046692,15.03296471
6/12/2018,20.61016273,0.719828,20.89104271,173.5109863,15.08235168
7/12/2018,20.48129082,0.721293,20.90033531,178.0220184,15.27001572
10/12/2018,19.91978264,0.72436,20.3055706,170.9940796,14.86505413
11/12/2018,19.6896553,0.72759,20.72376633,174.6145477,15.40829468
12/12/2018,20.09467888,0.726681,21.02114868,176.8603821,15.60583782
13/12/2018,20.60095787,0.7227,21.29994202,175.8439331,15.74411678
14/12/2018,20.83108521,0.717566,21.90399742,174.3919067,15.6651001
17/12/2018,19.76329613,0.723139,22.08985901,177.8671265,15.64534664
18/12/2018,20.12229729,0.723484,21.64378929,175.5728912,15.32927799
19/12/2018,20.03024292,0.727167,21.23488998,172.4558258,15.33915424
20/12/2018,19.94739914,0.731797,20.6865921,170.0357056,15.13173485
21/12/2018,19.98421669,0.729501,19.77586365,172.0492249,14.92431736
24/12/2018,20.48129082,0.721657,20.0918293,172.5623016,14.98358059
27/12/2018,20.49049568,0.726216,20.26839828,178.3995667,15.26013756
28/12/2018,20.35242271,0.725021,20.51002312,180.5292358,15.63546848
31/12/2018,20.06706238,0.72338,20.48214531,179.2417603,15.72436428
2/01/2019,19.88296127,0.72235,20.31486511,179.4547119,15.84288883
3/01/2019,20.15911484,0.722961,20.13829613,183.3946228,15.77374744
4/01/2019,19.87375641,0.730252,19.98960686,182.5040588,15.12185955
7/01/2019,20.20514297,0.732188,20.45426559,181.5069733,15.20087624
8/01/2019,20.20514297,0.737311,20.8538723,183.8496094,15.41817093
9/01/2019,20.15911484,0.735689,20.47285271,188.8640442,15.64534664
10/01/2019,20.20514297,0.734592,20.19405556,190.1902466,15.73424053
11/01/2019,19.91978264,0.726639,20.71447372,188.9608459,15.72436428
14/01/2019,20.0118351,0.723118,20.92821693,188.1670685,15.6651001
15/01/2019,20.48129082,0.718494,21.10478592,191.5842285,15.6749773
16/01/2019,20.67459679,0.719099,21.32781982,190.9840546,15.85276413
17/01/2019,20.88631439,0.721293,21.33711243,190.1031342,16.04043388
18/01/2019,20.86790466,0.722126,21.49509621,189.9192047,16.12932205
21/01/2019,20.96916199,0.722491,21.36499214,189.5223083,16.12932205
22/01/2019,21.06121063,0.717566,21.36499214,189.44487,16.15895653
23/01/2019,20.95995712,0.717721,22.0526886,191.1873016,16.3564949
24/01/2019,21.27292824,0.718804,21.91329193,192.5038605,16.24785042
25/01/2019,21.23611069,0.711389,21.74601364,192.7942657,14.29218006
29/01/2019,21.09803009,0.711592,21.82035828,188.2735443,12.80073643
30/01/2019,21.19008255,0.70502,21.60661697,188.5058441,12.7315979
31/01/2019,21.37418365,0.705219,21.76460075,188.4961853,12.90938473
1/02/2019,21.29133987,0.704612,21.69025612,188.2251434,12.9488945
4/02/2019,21.28213501,0.707479,21.60661697,187.5765533,12.82049179
5/02/2019,21.51226234,0.703532,22.0526886,186.8602142,12.95877171
6/02/2019,21.79761887,0.704473,22.4337101,182.7847748,13.14643669
7/02/2019,21.80682182,0.704176,22.58239937,186.4439392,13.36373138
8/02/2019,21.63192749,0.704791,22.79614258,188.3122559,13.57115269
11/02/2019,21.64113426,0.691898,22.87977982,185.1758118,13.50201321
12/02/2019,21.77000427,0.700624,22.8611927,187.499115,13.66992378
13/02/2019,21.80682182,0.712378,22.88907242,180.1420288,13.68967628
14/02/2019,21.788414,0.714592,22.8611927,181.3036652,13.83783436
15/02/2019,21.77000427,0.716332,22.50805664,179.0868835,13.8180809
18/02/2019,21.64113426,0.717566,23.42807579,181.0616455,13.84771061
19/02/2019,22.36833191,0.718701,23.12140083,178.1188507,13.98599052
20/02/2019,22.62607574,0.720513,23.08423233,179.4256744,13.76869392
21/02/2019,22.57084274,0.719942,23.06564522,179.5708923,13.8279562
22/02/2019,22.34992599,0.720767,23.22596741,180.5389404,13.9464817
25/02/2019,21.90807724,0.717309,23.07551765,183.0461273,14.04525185
26/02/2019,22.08297348,0.719031,22.9908886,181.2649689,14.01562309
27/02/2019,22.20264053,0.716384,23.07551765,181.9329224,13.86746502
28/02/2019,22.22105217,0.715891,23.15074158,187.5668488,14.33168888
1/03/2019,22.2118454,0.71221,23.3858242,189.4061432,14.32181263
4/03/2019,22.32230949,0.714796,23.46104813,192.5522766,14.44033909
5/03/2019,22.423563,0.709119,23.41403389,191.6616669,14.28230381
6/03/2019,22.59845734,0.717942,23.62090492,191.7971954,14.32181263
7/03/2019,22.47716522,0.716599,23.79956436,193.1427765,14.15390205
8/03/2019,22.56114006,0.715922,23.7149353,193.0362854,14.20328808
11/03/2019,22.5331459,0.725468,23.66792107,192.5232391,14.16377926
12/03/2019,22.73842049,0.727167,23.47045135,192.2618408,14.23291779
13/03/2019,22.77573967,0.7249,23.27298355,191.2228241,14.39095211
14/03/2019,22.8783741,0.721402,23.56448364,191.0767517,14.35144424
15/03/2019,22.76640701,0.724375,23.63030815,190.8235016,13.92672825
18/03/2019,22.61711884,0.710995,23.55508232,191.6708527,13.96623802
19/03/2019,22.9530201,0.709542,23.57388878,188.5347443,13.56127453
20/03/2019,22.99033928,0.710177,23.8089695,189.3723755,13.70943165
21/03/2019,22.98100853,0.706349,24.25092316,189.1678162,13.73906326
22/03/2019,22.85971642,0.71048,24.31674385,192.0506897,14.03537655
25/03/2019,22.67310333,0.70922,23.73374176,190.2099609,13.92672825
26/03/2019,22.56114006,0.710328,23.41403389,189.1775665,14.09463882
27/03/2019,22.66377258,0.714541,23.48925781,187.317337,14.14402485
28/03/2019,22.91569519,0.713216,23.60209846,188.5542603,14.23291779
29/03/2019,22.99967003,0.716692,23.90300179,189.859314,14.27242565
1/04/2019,22.85038376,0.717,24.11927795,192.4305267,14.53911018
2/04/2019,23.15828896,0.710884,24.34495354,194.9919586,14.52923298
3/04/2019,23.06498337,0.715922,24.32614708,197.0859375,14.51935387
4/04/2019,22.88770676,0.717412,24.15689087,194.0569916,14.13414764
5/04/2019,23.21427155,0.719399,23.97822952,191.7487793,13.84771061
8/04/2019,23.08364677,0.714847,24.1380825,195.3133545,14.11439323
9/04/2019,23.10230637,0.710278,24.14748573,196.3457489,14.03537655
10/04/2019,23.03699493,0.710031,24.3355484,196.2191467,13.99586868
11/04/2019,22.92502594,0.70922,24.22271156,193.8135071,13.93660355
12/04/2019,22.85038376,0.708742,24.69287109,192.7032166,14.00574398
15/04/2019,23.19561195,0.703482,24.55182266,190.4436798,14.07488537
16/04/2019,23.00900078,0.702346,25.05959702,191.5734558,14.27242565
17/04/2019,22.77573967,0.703928,24.98437119,187.9990997,13.99586868
18/04/2019,22.9530201,0.707339,24.76809883,185.5447693,13.43287277
23/04/2019,23.77410316,0.706414,24.65526009,185.408432,13.87734222
24/04/2019,24.02602768,0.708717,25.26646996,189.9177704,14.21316528
26/04/2019,24.10066986,0.706814,25.43572807,191.8461456,14.39095211
29/04/2019,23.93272018,0.708291,25.58617783,192.9759064,14.53911018
30/04/2019,24.23129463,0.709975,25.38871193,193.3947296,14.48972511
1/05/2019,24.30594063,0.708968,25.58617783,195.1672821,14.69714355
2/05/2019,24.50188255,0.713521,25.52035522,196.0048828,14.61812687
3/05/2019,24.46455956,0.710783,25.55797005,194.6608124,16.06018448
6/05/2019,24.58585739,0.708316,25.24766159,193.7161102,15.81325626
7/05/2019,24.4552269,0.711612,25.39811516,193.4141998,15.73424053
8/05/2019,24.4738903,0.713699,25.0878067,192.1091156,15.76387024
9/05/2019,24.54853249,0.708451,25.11601639,192.0214539,15.70460796
10/05/2019,24.57652664,0.708316,25.3793087,192.1091156,15.77374744
13/05/2019,24.43656731,0.711389,24.85272789,194.8361511,15.83301163
14/05/2019,24.53920174,0.71099,24.17569542,192.6350403,15.83301163
15/05/2019,24.57652664,0.705841,24.15689087,195.6055298,15.991045
16/05/2019,24.67916107,0.711749,23.93121147,197.6897888,16.02067375
17/05/2019,24.53920174,0.711035,24.18509865,201.1277924,16.24785042
20/05/2019,24.62317657,0.710177,23.76195335,200.9914246,16.14907837
21/05/2019,24.69782066,0.712159,24.04404831,200.8648224,16.10956955
22/05/2019,24.38991547,0.712911,24.1004715,201.2933197,16.09969139
23/05/2019,24.38058281,0.716692,24.28853416,200.8258362,16.10956955
24/05/2019,24.58585739,0.712251,25.13482285,201.0401306,16.17870903
27/05/2019,24.68848991,0.717309,24.95616341,201.2641144,16.13920021
28/05/2019,24.4552269,0.717618,24.88093376,201.8777008,16.26760292
29/05/2019,24.31526947,0.716492,24.80570984,199.1701355,16.09969139
30/05/2019,24.39924622,0.717412,24.31674385,198.2644196,15.95153618
31/05/2019,24.34326172,0.714796,23.72434044,200.1343842,16.1194458
3/06/2019,23.89539909,0.715103,23.10372543,199.2967682,16.07993889
4/06/2019,23.96071243,0.713725,23.0284996,197.7774353,15.94165993
5/06/2019,24.37125587,0.709668,23.17895317,196.0827637,16.08981514
6/06/2019,24.70715141,0.701459,23.57388878,195.6250458,16.25772667
7/06/2019,25.26698112,0.701779,23.91240501,198.4884033,16.38613319
11/06/2019,25.28564262,0.704429,24.5330162,206.9616394,16.89974022
12/06/2019,25.59354973,0.705517,24.26032257,202.4230957,16.7318306
13/06/2019,25.65886116,0.705129,24.27913094,207.0980072,17.02814102
14/06/2019,25.24831772,0.701459,24.30734062,207.3220215,16.99851036
17/06/2019,25.27631378,0.699545,24.23211479,205.9098206,16.96888161
18/06/2019,25.7988224,0.697331,24.45779037,209.5912781,17.1861763
19/06/2019,25.98542976,0.699252,24.91854858,212.4644012,17.30470085
20/06/2019,25.78949165,0.700849,25.47334099,213.7402802,17.36396217
21/06/2019,25.68685722,0.699496,25.36990356,206.9616394,17.38371658
24/06/2019,25.65886116,0.698709,25.38871193,207.9258728,17.13678932
25/06/2019,25.50957489,0.698509,25.07840347,208.7829285,16.97875404
26/06/2019,25.42560196,0.694589,25.16303253,210.1951294,16.87998772
27/06/2019,25.28564262,0.693914,25.20064545,209.5815582,16.95900154
28/06/2019,25.28564262,0.692713,25.24766159,209.3964996,16.95900154
