Date,Close,Volume
3/07/2017,2.207625,946184
4/07/2017,2.177926,1525889
5/07/2017,2.148227,542793
6/07/2017,2.098729,1524966
7/07/2017,2.128428,716362
10/07/2017,2.029431,696397
11/07/2017,1.970033,843530
12/07/2017,1.979933,447068
13/07/2017,1.970033,715755
14/07/2017,1.965083,228595
17/07/2017,1.974983,314575
18/07/2017,1.974983,662953
19/07/2017,1.970033,733320
20/07/2017,1.974983,501667
21/07/2017,1.920535,1163783
24/07/2017,1.856187,703388
25/07/2017,1.75719,1496950
26/07/2017,1.737391,1267417
27/07/2017,1.732441,809681
28/07/2017,1.732441,496699
31/07/2017,1.727491,597762
1/08/2017,1.702742,368794
2/08/2017,1.737391,413296
3/08/2017,1.702742,434924
4/08/2017,1.593846,1338054
7/08/2017,1.677993,618692
8/08/2017,1.653244,497261
9/08/2017,1.722542,665475
10/08/2017,1.78194,810312
11/08/2017,1.752241,337398
14/08/2017,1.747291,230552
15/08/2017,1.707692,288414
16/08/2017,1.806689,1147663
17/08/2017,1.831438,671377
18/08/2017,1.78194,678590
21/08/2017,1.673043,465807
22/08/2017,1.643344,737392
23/08/2017,1.583946,999162
24/08/2017,1.593846,558997
25/08/2017,1.593846,0
28/08/2017,1.593846,0
29/08/2017,1.42,1925138
30/08/2017,1.425,1181093
31/08/2017,1.44,1768024
1/09/2017,1.445,825473
4/09/2017,1.46,716314
5/09/2017,1.5,1160573
6/09/2017,1.51,965921
7/09/2017,1.5,1059945
8/09/2017,1.5,387424
11/09/2017,1.44,993106
12/09/2017,1.395,1634108
13/09/2017,1.375,1048704
14/09/2017,1.38,865611
15/09/2017,1.375,798308
18/09/2017,1.375,468024
19/09/2017,1.36,737352
20/09/2017,1.325,1173237
21/09/2017,1.33,621750
22/09/2017,1.34,391033
25/09/2017,1.375,825557
26/09/2017,1.35,511956
27/09/2017,1.37,192036
28/09/2017,1.34,584701
29/09/2017,1.37,449519
2/10/2017,1.375,351990
3/10/2017,1.415,996897
4/10/2017,1.5,924871
5/10/2017,1.595,2032328
6/10/2017,1.55,2449726
9/10/2017,1.52,555424
10/10/2017,1.735,1362225
11/10/2017,1.71,1158285
12/10/2017,1.84,1926638
13/10/2017,1.88,2711657
16/10/2017,1.82,649650
17/10/2017,1.75,975779
18/10/2017,1.73,823153
19/10/2017,1.755,546683
20/10/2017,1.72,361606
23/10/2017,1.68,643187
24/10/2017,1.63,1188432
25/10/2017,1.46,34393561
26/10/2017,1.415,2993394
27/10/2017,1.375,2330519
30/10/2017,1.345,2535077
31/10/2017,1.335,1329654
1/11/2017,1.34,1247023
2/11/2017,1.36,2452227
3/11/2017,1.315,2550350
6/11/2017,1.28,1768126
7/11/2017,1.29,1341555
8/11/2017,1.275,919714
9/11/2017,1.265,1485326
10/11/2017,1.235,24559642
13/11/2017,1.37,3170095
14/11/2017,1.395,3850078
15/11/2017,1.27,2619434
16/11/2017,1.23,1540415
17/11/2017,1.325,2036267
20/11/2017,1.28,1107767
21/11/2017,1.275,984833
22/11/2017,1.285,974482
23/11/2017,1.26,576993
24/11/2017,1.265,399756
27/11/2017,1.265,335601
28/11/2017,1.265,837501
29/11/2017,1.315,598398
30/11/2017,1.35,1497565
1/12/2017,1.345,937590
4/12/2017,1.305,1244582
5/12/2017,1.32,666815
6/12/2017,1.335,639431
7/12/2017,1.33,525134
8/12/2017,1.345,909770
11/12/2017,1.38,1509742
12/12/2017,1.365,568064
13/12/2017,1.395,479160
14/12/2017,1.35,1026221
15/12/2017,1.42,3417501
18/12/2017,1.39,2112846
19/12/2017,1.485,4243565
20/12/2017,1.45,1793767
21/12/2017,1.46,1452286
22/12/2017,1.46,950936
27/12/2017,1.52,1527251
28/12/2017,1.46,1230863
29/12/2017,1.46,793767
2/01/2018,1.465,414383
3/01/2018,1.45,897184
4/01/2018,1.495,1000641
5/01/2018,1.485,410697
8/01/2018,1.44,1140972
9/01/2018,1.44,614429
10/01/2018,1.425,477657
11/01/2018,1.395,1103296
12/01/2018,1.44,721174
15/01/2018,1.44,676524
16/01/2018,1.44,405608
17/01/2018,1.43,943940
18/01/2018,1.45,719052
19/01/2018,1.43,536026
22/01/2018,1.42,703290
23/01/2018,1.445,857261
24/01/2018,1.41,343853
25/01/2018,1.385,837622
29/01/2018,1.39,367050
30/01/2018,1.38,418192
31/01/2018,1.34,682773
1/02/2018,1.405,1301423
2/02/2018,1.385,482401
5/02/2018,1.34,2218695
6/02/2018,1.27,1563255
7/02/2018,1.3,1473864
8/02/2018,1.335,624363
9/02/2018,1.28,919154
12/02/2018,1.24,1287081
13/02/2018,1.215,1801934
14/02/2018,1.25,997208
15/02/2018,1.28,761284
16/02/2018,1.25,911024
19/02/2018,1.365,1090511
20/02/2018,1.36,712630
21/02/2018,1.41,1886277
22/02/2018,1.575,4006293
23/02/2018,1.575,3690860
26/02/2018,1.745,7291681
27/02/2018,1.71,3079777
28/02/2018,1.78,1920282
1/03/2018,1.945,3552115
2/03/2018,1.895,2397301
5/03/2018,1.95,2191216
6/03/2018,1.82,3379725
7/03/2018,1.91,3717522
8/03/2018,1.77,4038590
9/03/2018,1.68,3585250
12/03/2018,1.69,1596374
13/03/2018,1.63,2028933
14/03/2018,1.645,1111028
15/03/2018,1.68,1262008
16/03/2018,1.7,3772623
19/03/2018,1.67,1242107
20/03/2018,1.64,618616
21/03/2018,1.57,1551400
22/03/2018,1.6,523894
23/03/2018,1.525,1540446
26/03/2018,1.56,767272
27/03/2018,1.57,2006251
28/03/2018,1.51,1685727
29/03/2018,1.49,1406480
3/04/2018,1.435,921171
4/04/2018,1.405,590999
5/04/2018,1.48,779980
6/04/2018,1.5,901389
9/04/2018,1.465,421236
10/04/2018,1.48,353515
11/04/2018,1.555,686484
12/04/2018,1.64,715640
13/04/2018,1.625,446361
16/04/2018,1.6,801622
17/04/2018,1.6,313322
18/04/2018,1.555,700766
19/04/2018,1.55,307131
20/04/2018,1.5,464999
23/04/2018,1.495,251119
24/04/2018,1.49,350859
26/04/2018,1.475,459306
27/04/2018,1.48,977446
30/04/2018,1.465,880766
1/05/2018,1.485,558899
2/05/2018,1.505,850598
3/05/2018,1.49,325021
4/05/2018,1.49,957126
7/05/2018,1.48,690534
8/05/2018,1.47,392302
9/05/2018,1.475,771823
10/05/2018,1.475,600318
11/05/2018,1.46,564453
14/05/2018,1.46,546910
15/05/2018,1.42,992685
16/05/2018,1.415,360931
17/05/2018,1.4,565047
18/05/2018,1.47,597667
21/05/2018,1.48,572265
22/05/2018,1.55,2038566
23/05/2018,1.58,1052680
24/05/2018,1.505,931970
25/05/2018,1.53,785900
28/05/2018,1.465,566641
29/05/2018,1.505,789119
30/05/2018,1.47,710220
31/05/2018,1.53,1948548
1/06/2018,1.465,559424
4/06/2018,1.49,505551
5/06/2018,1.505,669311
6/06/2018,1.47,627231
7/06/2018,1.51,401253
8/06/2018,1.58,2007822
12/06/2018,1.54,1106354
13/06/2018,1.51,2108874
14/06/2018,1.49,371741
15/06/2018,1.52,604424
18/06/2018,1.515,281342
19/06/2018,1.47,1065848
20/06/2018,1.475,416605
21/06/2018,1.565,2449627
22/06/2018,1.55,1556495
25/06/2018,1.545,958872
26/06/2018,1.51,672418
27/06/2018,1.47,465038
28/06/2018,1.47,260529
29/06/2018,1.48,538173
2/07/2018,1.54,639805
3/07/2018,1.55,710331
4/07/2018,1.525,410499
5/07/2018,1.51,155880
6/07/2018,1.555,713756
9/07/2018,1.59,1239030
10/07/2018,1.56,320349
11/07/2018,1.545,439298
12/07/2018,1.56,309738
13/07/2018,1.575,612616
16/07/2018,1.6,1603387
17/07/2018,1.6,1370867
18/07/2018,1.76,5430600
19/07/2018,1.755,1665212
20/07/2018,1.785,1338901
23/07/2018,1.835,3525262
24/07/2018,1.82,2094792
25/07/2018,1.815,1301908
26/07/2018,1.71,1443528
27/07/2018,1.83,1565500
30/07/2018,1.84,909871
31/07/2018,1.885,1672423
1/08/2018,1.855,1209055
2/08/2018,1.795,1103264
3/08/2018,1.8,990976
6/08/2018,1.74,780437
7/08/2018,1.715,576316
8/08/2018,1.7,428733
9/08/2018,1.715,1400154
10/08/2018,1.74,395590
13/08/2018,1.685,673159
14/08/2018,1.665,489636
15/08/2018,1.65,565273
16/08/2018,1.605,1008616
17/08/2018,1.545,1077555
20/08/2018,1.575,932668
21/08/2018,1.54,669666
22/08/2018,1.585,1279008
23/08/2018,1.6,859342
24/08/2018,1.57,592678
27/08/2018,1.59,548846
28/08/2018,1.56,949366
29/08/2018,1.555,1450368
30/08/2018,1.63,1447619
31/08/2018,1.64,1143166
3/09/2018,1.715,1872686
4/09/2018,1.7,1126244
5/09/2018,1.65,645348
6/09/2018,1.645,497531
7/09/2018,1.63,788443
10/09/2018,1.625,595609
11/09/2018,1.625,346118
12/09/2018,1.645,1014111
13/09/2018,1.635,172941
14/09/2018,1.68,958588
17/09/2018,1.7,701754
18/09/2018,1.655,721307
19/09/2018,1.69,233720
20/09/2018,1.78,1980200
21/09/2018,1.87,2125599
24/09/2018,1.83,990767
25/09/2018,1.87,1024915
26/09/2018,2.05,2675778
27/09/2018,2.05,2313742
28/09/2018,2.15,1669579
1/10/2018,2.34,2209628
2/10/2018,2,7170976
3/10/2018,2.1,2300555
4/10/2018,2.2,3089229
5/10/2018,2.1,1307090
8/10/2018,2.14,944757
9/10/2018,2.09,2304414
10/10/2018,2.13,804845
11/10/2018,1.985,2401498
12/10/2018,2.08,1611484
15/10/2018,2.06,663879
16/10/2018,2.03,434839
17/10/2018,2.09,764065
18/10/2018,2.02,1042697
19/10/2018,1.985,1083983
22/10/2018,1.89,1483791
23/10/2018,1.845,1375596
24/10/2018,1.885,1203733
25/10/2018,1.79,1191437
26/10/2018,1.8,836401
29/10/2018,1.83,596141
30/10/2018,1.93,916166
31/10/2018,1.99,1577526
1/11/2018,2.05,519530
2/11/2018,2.12,1030340
5/11/2018,2.13,932091
6/11/2018,2.13,762708
7/11/2018,2.21,1310837
8/11/2018,2.07,2922081
9/11/2018,2.18,1862672
12/11/2018,1.57,13719994
13/11/2018,1.465,5308108
14/11/2018,1.415,4314593
15/11/2018,1.42,2746683
16/11/2018,1.38,2178475
19/11/2018,1.305,2580506
20/11/2018,1.31,2376949
21/11/2018,1.315,1253013
22/11/2018,1.335,689668
23/11/2018,1.335,1359290
26/11/2018,1.36,1005827
27/11/2018,1.325,1235358
28/11/2018,1.32,888135
29/11/2018,1.315,1151224
30/11/2018,1.325,1528440
3/12/2018,1.33,1266474
4/12/2018,1.275,1986130
5/12/2018,1.275,702390
6/12/2018,1.235,1100973
7/12/2018,1.24,866890
10/12/2018,1.24,915933
11/12/2018,1.185,1455296
12/12/2018,1.155,1459938
13/12/2018,1.195,2074087
14/12/2018,1.14,1831047
17/12/2018,1.145,743817
18/12/2018,1.085,1356840
19/12/2018,1.07,1055163
20/12/2018,1.075,1051011
21/12/2018,1.035,2202189
24/12/2018,1.075,426066
27/12/2018,1.04,1332840
28/12/2018,1.2,1874357
31/12/2018,1.16,1196593
2/01/2019,1.265,1194405
3/01/2019,1.295,1114890
4/01/2019,1.315,625239
7/01/2019,1.34,1643973
8/01/2019,1.365,917055
9/01/2019,1.395,1036698
10/01/2019,1.315,1126990
11/01/2019,1.34,486627
14/01/2019,1.31,865419
15/01/2019,1.32,511182
16/01/2019,1.35,748323
17/01/2019,1.3,989332
18/01/2019,1.37,773896
21/01/2019,1.34,261667
22/01/2019,1.355,233959
23/01/2019,1.375,329240
24/01/2019,1.34,986218
25/01/2019,1.305,513677
29/01/2019,1.275,825404
30/01/2019,1.21,1791165
31/01/2019,1.175,1110226
1/02/2019,1.17,935705
4/02/2019,1.17,884719
5/02/2019,1.17,753645
6/02/2019,1.175,640268
7/02/2019,1.175,914461
8/02/2019,1.165,628839
11/02/2019,1.175,529645
12/02/2019,1.18,571555
13/02/2019,1.17,657768
14/02/2019,1.175,214906
15/02/2019,1.165,469276
18/02/2019,1.165,212499
19/02/2019,1.175,429361
20/02/2019,1.185,554916
21/02/2019,1.17,1298111
22/02/2019,1.175,461748
25/02/2019,1.235,1208683
26/02/2019,1.26,1023729
27/02/2019,1.255,551047
28/02/2019,1.235,1112771
1/03/2019,1.23,589807
4/03/2019,1.22,766542
5/03/2019,1.23,369385
6/03/2019,1.23,1062686
7/03/2019,1.225,398363
8/03/2019,1.2,606065
11/03/2019,1.18,462418
12/03/2019,1.195,252651
13/03/2019,1.19,468465
14/03/2019,1.2,4455231
15/03/2019,1.27,4558460
18/03/2019,1.4,2360639
19/03/2019,1.48,2904665
20/03/2019,1.34,2223030
21/03/2019,1.345,972211
22/03/2019,1.385,837910
25/03/2019,1.415,1191820
26/03/2019,1.4,1279441
27/03/2019,1.39,919563
28/03/2019,1.385,301623
29/03/2019,1.435,988644
1/04/2019,1.5,1109368
2/04/2019,1.56,2162334
3/04/2019,1.5,1295902
4/04/2019,1.44,1547577
5/04/2019,1.41,900954
8/04/2019,1.49,1166868
9/04/2019,1.535,1319934
10/04/2019,1.535,989606
11/04/2019,1.48,859627
12/04/2019,1.52,790150
15/04/2019,1.59,1403397
16/04/2019,1.55,1766043
17/04/2019,1.55,827661
18/04/2019,1.565,685503
23/04/2019,1.565,486128
24/04/2019,1.555,706842
26/04/2019,1.59,1089859
29/04/2019,1.625,434219
30/04/2019,1.64,1244979
1/05/2019,1.6,769758
2/05/2019,1.525,900507
3/05/2019,1.56,498975
6/05/2019,1.55,505529
7/05/2019,1.54,342367
8/05/2019,1.5,532712
9/05/2019,1.535,430030
10/05/2019,1.525,764272
13/05/2019,1.55,647143
14/05/2019,1.525,385944
15/05/2019,1.48,479144
16/05/2019,1.48,311170
17/05/2019,1.46,391214
20/05/2019,1.49,486232
21/05/2019,1.475,228162
22/05/2019,1.52,651288
23/05/2019,1.5,311599
24/05/2019,1.475,509444
27/05/2019,1.44,274894
28/05/2019,1.495,543367
29/05/2019,1.46,619550
30/05/2019,1.43,933342
31/05/2019,1.39,949149
3/06/2019,1.395,276291
4/06/2019,1.45,797766
5/06/2019,1.48,535613
6/06/2019,1.445,237225
7/06/2019,1.44,420663
11/06/2019,1.465,774046
12/06/2019,1.46,383140
13/06/2019,1.455,381646
14/06/2019,1.44,316545
17/06/2019,1.39,717079
18/06/2019,1.38,431501
19/06/2019,1.37,308693
20/06/2019,1.35,535861
21/06/2019,1.37,979985
24/06/2019,1.44,1655853
25/06/2019,1.41,1056481
26/06/2019,1.45,2389674
27/06/2019,1.415,634274
28/06/2019,1.475,995797
1/07/2019,1.42,691911
2/07/2019,1.415,1356744
3/07/2019,1.42,377260
4/07/2019,1.44,366268
5/07/2019,1.445,432703
8/07/2019,1.55,1656854
9/07/2019,1.5,740955
10/07/2019,1.53,4178131
11/07/2019,1.525,356339
12/07/2019,1.5,259946
15/07/2019,1.45,718399
16/07/2019,1.51,540483
17/07/2019,1.48,414261
18/07/2019,1.475,380717
19/07/2019,1.46,365196
22/07/2019,1.49,235151
23/07/2019,1.485,255932
24/07/2019,1.49,394733
25/07/2019,1.525,657573
26/07/2019,1.525,260717
29/07/2019,1.505,249933
30/07/2019,1.465,425184
31/07/2019,1.475,383947
1/08/2019,1.5,349167
2/08/2019,1.49,298187
5/08/2019,1.44,514151
6/08/2019,1.36,1452736
7/08/2019,1.39,434623
8/08/2019,1.435,382499
9/08/2019,1.47,496512
12/08/2019,1.48,403254
13/08/2019,1.48,214796
14/08/2019,1.475,236620
15/08/2019,1.405,552583
16/08/2019,1.395,219414
19/08/2019,1.45,380617
20/08/2019,1.445,177960
21/08/2019,1.44,420401
22/08/2019,1.445,292575
23/08/2019,1.41,251383
26/08/2019,1.405,227637
27/08/2019,1.44,294111
28/08/2019,1.455,162570
29/08/2019,1.47,253954
30/08/2019,1.435,469520
2/09/2019,1.425,171939
3/09/2019,1.43,156510
4/09/2019,1.43,197291
5/09/2019,1.455,340882
6/09/2019,1.455,806441
9/09/2019,1.455,404490
10/09/2019,1.78,5751137
11/09/2019,1.9,6365042
12/09/2019,1.975,2803577
13/09/2019,2.12,3697999
16/09/2019,2.21,2196999
17/09/2019,2.17,2013833
18/09/2019,2.13,1200532
19/09/2019,2.01,2539125
20/09/2019,2.02,1580576
23/09/2019,2.06,1277782
24/09/2019,2.03,691098
25/09/2019,2,1474074
26/09/2019,2.04,1022898
27/09/2019,2,564545
30/09/2019,2.14,1309692
1/10/2019,2.14,0
2/10/2019,2.14,0
3/10/2019,1.995,3576366
4/10/2019,2.02,1651498
7/10/2019,2.01,682422
8/10/2019,1.975,718686
9/10/2019,1.92,905998
10/10/2019,1.865,1354695
11/10/2019,1.84,1681896
14/10/2019,1.9,2243881
15/10/2019,1.785,1456491
16/10/2019,1.785,1505333
17/10/2019,1.81,2362329
18/10/2019,1.76,2459937
21/10/2019,1.65,2061899
22/10/2019,1.725,1108425
23/10/2019,1.8,1205679
24/10/2019,1.77,1553779
25/10/2019,1.82,2100626
28/10/2019,1.73,1049681
29/10/2019,1.775,2253373
30/10/2019,1.785,358242
31/10/2019,1.785,550889
1/11/2019,1.78,385300
4/11/2019,1.805,843553
5/11/2019,1.805,1038619
6/11/2019,1.815,2700510
7/11/2019,1.79,2428244
8/11/2019,1.785,308436
11/11/2019,1.8,472935
12/11/2019,1.785,534284
13/11/2019,1.805,162599
14/11/2019,1.78,314607
15/11/2019,1.8,829374
18/11/2019,1.78,392841
19/11/2019,1.78,533518
20/11/2019,1.785,243730
21/11/2019,1.78,535259
22/11/2019,1.79,325435
25/11/2019,1.8,617945
26/11/2019,1.84,1296124
27/11/2019,1.835,1051989
28/11/2019,1.815,492096
29/11/2019,1.81,663947
2/12/2019,1.835,580795
3/12/2019,1.83,27951713
4/12/2019,1.81,1886372
5/12/2019,1.86,1510329
6/12/2019,1.9,4527725
9/12/2019,1.88,1371501
10/12/2019,1.92,843401
11/12/2019,1.895,752059
12/12/2019,1.88,787434
13/12/2019,1.915,1775667
16/12/2019,1.905,2326128
17/12/2019,1.92,2598148
18/12/2019,1.94,1668906
19/12/2019,2,4426452
20/12/2019,2,2749683
23/12/2019,2.02,933310
24/12/2019,2.07,996731
27/12/2019,2.1,2171422
30/12/2019,2.09,1598123
31/12/2019,2.08,690969
2/01/2020,2.05,1076779
3/01/2020,2.1,2932696
6/01/2020,2.14,1101080
7/01/2020,2.28,2145866
8/01/2020,2.22,3814793
9/01/2020,2.3,2156328
10/01/2020,2.29,2273628
13/01/2020,2.29,1018175
14/01/2020,2.3,1380080
15/01/2020,2.44,3787006
16/01/2020,2.4,1824944
17/01/2020,2.53,3059629
20/01/2020,2.69,3785494
21/01/2020,2.64,2583016
22/01/2020,2.91,4981658
23/01/2020,3.07,4544931
24/01/2020,3.07,4864272
28/01/2020,2.97,3727212
29/01/2020,3,2910081
30/01/2020,2.97,1183183
31/01/2020,3,1288050
3/02/2020,2.96,2608247
4/02/2020,2.94,15512337
5/02/2020,2.96,1632519
6/02/2020,2.96,1399869
7/02/2020,2.92,1538133
10/02/2020,2.89,1353899
11/02/2020,2.88,1833730
12/02/2020,2.9,3169157
13/02/2020,2.87,4345478
14/02/2020,2.84,1283431
17/02/2020,2.72,2657625
18/02/2020,2.7,1585247
19/02/2020,2.78,1912733
20/02/2020,2.74,1578168
21/02/2020,2.75,692430
24/02/2020,2.59,3230795
25/02/2020,2.58,2547754
26/02/2020,2.42,2953685
27/02/2020,2.44,1881074
28/02/2020,2.24,5147576
2/03/2020,2.28,4671057
3/03/2020,2.34,3096293
4/03/2020,2.3,2698314
5/03/2020,2.22,2309933
6/03/2020,2.09,2934782
9/03/2020,1.83,5116113
10/03/2020,2.19,9843312
11/03/2020,1.81,18883339
12/03/2020,1.54,8743461
13/03/2020,1.62,6400334
16/03/2020,1.295,5855897
17/03/2020,1.25,7366796
18/03/2020,1.15,11033559
19/03/2020,1.1,6651897
20/03/2020,1.135,6124715
23/03/2020,1.105,5027413
24/03/2020,1.15,4459755
25/03/2020,1.19,4617798
26/03/2020,1.29,3199068
27/03/2020,1.3,4524633
30/03/2020,1.39,3708088
31/03/2020,1.385,5478755
1/04/2020,1.51,5604326
2/04/2020,1.46,3455455
3/04/2020,1.345,4391366
6/04/2020,1.815,13281522
7/04/2020,1.85,13546404
8/04/2020,1.835,6012867
9/04/2020,2.5,16872340
14/04/2020,2.35,11449133
15/04/2020,2.39,8470190
16/04/2020,2.23,5428784
17/04/2020,2.17,5882104
20/04/2020,2.03,5331875
21/04/2020,1.97,4420133
22/04/2020,1.93,3384829
23/04/2020,1.965,3212942
24/04/2020,2.73,35690385
27/04/2020,3.85,35708835
28/04/2020,3.24,20177229
29/04/2020,3.16,15697897
30/04/2020,3.36,11248121
1/05/2020,3.23,5767522
4/05/2020,3.25,7075541
5/05/2020,3.28,5838105
6/05/2020,3.69,15917901
7/05/2020,3.54,7793411
8/05/2020,3.44,7371224
11/05/2020,3.44,0
12/05/2020,3.44,0
13/05/2020,3.39,10191278
14/05/2020,3.67,17302085
15/05/2020,3.65,9048491
18/05/2020,4.17,15725283
19/05/2020,3.81,10113467
20/05/2020,3.83,5801398
21/05/2020,3.81,5373581
22/05/2020,3.69,5242397
25/05/2020,3.68,8587119
26/05/2020,3.77,3725914
27/05/2020,3.84,6885260
28/05/2020,3.69,7418383
29/05/2020,4,7578832
1/06/2020,3.93,7383896
2/06/2020,3.86,3843033
3/06/2020,3.87,3958564
4/06/2020,3.86,3943819
5/06/2020,3.73,3711790
9/06/2020,3.76,5230866
10/06/2020,3.9,6629717
11/06/2020,3.92,5982467
12/06/2020,3.6,8584850
15/06/2020,3.61,8081326
16/06/2020,3.9,7627934
17/06/2020,3.97,5597632
18/06/2020,4,5637647
19/06/2020,4.14,26925946
22/06/2020,3.7,14505906
23/06/2020,3.39,14468779
24/06/2020,3.47,8363125
25/06/2020,3.25,7915620
26/06/2020,3.32,6553153
29/06/2020,3.09,8060435
30/06/2020,3.25,7288690
1/07/2020,3.32,5247115
2/07/2020,3.41,3576310
3/07/2020,3.37,4918897
6/07/2020,3.75,9761843
7/07/2020,3.58,6537274
8/07/2020,3.66,5505026
9/07/2020,3.73,4925493
10/07/2020,3.67,4036974
13/07/2020,3.48,6230388
14/07/2020,3.22,6473418
15/07/2020,3.35,6377234
16/07/2020,3.27,5833614
17/07/2020,3.32,4108076
20/07/2020,3.35,3833455
21/07/2020,3.7,8231941
22/07/2020,3.45,6785781
23/07/2020,3.54,3938875
24/07/2020,3.51,3309299
27/07/2020,3.69,5443588
28/07/2020,3.68,6377175
29/07/2020,3.65,3674350
30/07/2020,3.83,9198906
31/07/2020,3.78,4862954
3/08/2020,3.85,7064887
4/08/2020,4.12,8354046
5/08/2020,4.3,15438917
6/08/2020,4.3,6430424
7/08/2020,4.4,7700662
10/08/2020,4.87,10311016
11/08/2020,3.36,51937410
12/08/2020,3.07,31844070
13/08/2020,3.38,19516145
14/08/2020,4.7,38852353
17/08/2020,4.91,20241202
18/08/2020,5.2,18209751
19/08/2020,5.09,10544038
20/08/2020,5.11,7740914
21/08/2020,5.11,5695378
24/08/2020,5.25,5930886
25/08/2020,5.24,6413251
26/08/2020,5.15,8111937
27/08/2020,5.2,6655342
28/08/2020,5.22,5857969
31/08/2020,5.31,8304946
1/09/2020,5.24,5403186
2/09/2020,5.15,8847608
3/09/2020,5.1,5981701
4/09/2020,4.95,12210576
7/09/2020,4.68,11124422
8/09/2020,4.71,6138110
9/09/2020,4.54,5573821
10/09/2020,4.5,5987808
11/09/2020,4.49,4860022
14/09/2020,4.64,6368529
15/09/2020,4.8,10227637
16/09/2020,4.89,5019312
17/09/2020,4.77,5991952
18/09/2020,4.91,7387682
21/09/2020,4.96,6046916
22/09/2020,5.02,6128601
23/09/2020,5.11,7253561
24/09/2020,4.94,6475045
25/09/2020,4.91,5993594
28/09/2020,5.5,12742995
29/09/2020,5.19,14246508
30/09/2020,5.08,13211576
1/10/2020,5.08,0
2/10/2020,3.19,67887724
5/10/2020,3.56,31573184
6/10/2020,3.41,14912583
7/10/2020,3.36,8606654
8/10/2020,3.35,7237412
9/10/2020,3.37,5045444
12/10/2020,3.34,3844637
13/10/2020,3.27,7563826
14/10/2020,3.26,3927779
15/10/2020,3.21,4677323
16/10/2020,3.11,7446653
19/10/2020,3.23,6809208
20/10/2020,3.4,7824971
21/10/2020,3.25,6709803
22/10/2020,3.19,4385208
23/10/2020,3.16,2667042
26/10/2020,3.15,3085753
27/10/2020,3.04,4154289
28/10/2020,3.1,2920578
29/10/2020,3.15,4893534
30/10/2020,3.06,3535302
2/11/2020,3.05,2700138
3/11/2020,3.13,2127938
4/11/2020,3.18,3089629
5/11/2020,3.25,3445442
6/11/2020,3.2,2428259
9/11/2020,3.38,4287118
10/11/2020,3.13,6269799
11/11/2020,3.28,5828719
12/11/2020,3.2,2390685
13/11/2020,3.25,2424021
16/11/2020,3.33,494977
17/11/2020,3.25,2260357
18/11/2020,3.25,2120127
19/11/2020,3.27,2240982
20/11/2020,3.64,17154614
23/11/2020,4.28,18565596
24/11/2020,4.47,19344460
25/11/2020,4.15,8056804
26/11/2020,4.09,5507824
27/11/2020,4.07,3034144
30/11/2020,4.16,3761674
1/12/2020,4.13,2597535
2/12/2020,4.43,19391238
3/12/2020,4.26,5986301
4/12/2020,4.32,4169045
7/12/2020,4.49,6941509
8/12/2020,4.49,5707316
9/12/2020,4.71,5679559
10/12/2020,4.48,6305149
11/12/2020,4.6,3911648
14/12/2020,4.54,2703870
15/12/2020,3.85,15955376
16/12/2020,3.77,3664940
17/12/2020,3.77,0
18/12/2020,2.41,62676244
21/12/2020,2.3,12741146
22/12/2020,2.17,12332024
23/12/2020,2.37,12648878
24/12/2020,2.32,5318879
29/12/2020,2.31,3697806
30/12/2020,2.25,3819468
31/12/2020,2.25,2265325
4/01/2021,2.31,3606673
5/01/2021,2.3,3215061
6/01/2021,2.26,3150461
7/01/2021,2.26,2230743
8/01/2021,2.24,4234836
11/01/2021,2.56,17419640
12/01/2021,2.6,16541364
13/01/2021,2.44,8204246
14/01/2021,2.52,4856007
15/01/2021,2.45,2948383
18/01/2021,2.47,2142838
19/01/2021,2.56,3650967
20/01/2021,2.47,4505057
21/01/2021,2.46,2576896
22/01/2021,2.43,2708646
25/01/2021,2.41,1963235
27/01/2021,2.39,2995194
28/01/2021,2.32,2982192
29/01/2021,2.38,5853138
1/02/2021,2.52,6118456
2/02/2021,2.49,3508415
3/02/2021,2.54,4908011
4/02/2021,2.45,2640667
5/02/2021,2.53,3417330
8/02/2021,2.64,3840797
9/02/2021,2.56,3554787
10/02/2021,2.56,2629930
11/02/2021,2.6,12417551
12/02/2021,2.59,5031672
15/02/2021,2.66,3400849
16/02/2021,2.65,3038082
17/02/2021,2.65,3101627
18/02/2021,2.6,2552277
19/02/2021,2.6,2718556
22/02/2021,2.6,2196921
23/02/2021,2.64,2298122
24/02/2021,2.54,2083358
25/02/2021,2.46,2223699
26/02/2021,2.46,0
1/03/2021,2.46,0
2/03/2021,2.34,9614699
3/03/2021,2.37,3732560
4/03/2021,2.37,2778874
5/03/2021,2.32,3640074
8/03/2021,2.26,2468619
9/03/2021,2.2,6745853
10/03/2021,2.26,2935154
11/03/2021,2.27,2984538
12/03/2021,2.35,2584719
15/03/2021,2.44,1933075
16/03/2021,2.51,3525606
17/03/2021,2.46,1838702
18/03/2021,2.41,1635149
19/03/2021,2.42,2564424
22/03/2021,2.43,1174267
23/03/2021,2.47,2191382
24/03/2021,2.39,1811617
25/03/2021,2.33,1702492
26/03/2021,2.28,2531376
29/03/2021,2.22,1689052
30/03/2021,2.16,2577457
31/03/2021,2.17,2144486
1/04/2021,2.22,2053628
6/04/2021,2.25,1911617
7/04/2021,2.21,1657040
8/04/2021,2.27,1946782
9/04/2021,2.23,1528036
12/04/2021,2.23,1008095
13/04/2021,2.26,1564518
14/04/2021,2.28,1353709
15/04/2021,2.3,1558230
16/04/2021,2.32,1581129
19/04/2021,2.29,1067904
20/04/2021,2.24,1040938
21/04/2021,2.24,1524836
22/04/2021,2.19,1951754
23/04/2021,2.09,4241679
26/04/2021,2.04,2208298
27/04/2021,1.88,8431937
28/04/2021,1.845,7753942
29/04/2021,1.83,3215463
30/04/2021,1.955,12374026
3/05/2021,1.87,4384998
4/05/2021,1.88,3125261
5/05/2021,1.85,2255103
6/05/2021,1.785,3045020
7/05/2021,1.74,3476461
10/05/2021,1.835,3016160
11/05/2021,1.735,2787369
12/05/2021,1.72,2067441
13/05/2021,1.74,1947156
14/05/2021,1.74,2202092
17/05/2021,1.855,4527697
18/05/2021,1.825,1978199
19/05/2021,1.83,1953823
20/05/2021,1.88,1793413
21/05/2021,1.88,1057046
24/05/2021,1.935,2305593
25/05/2021,1.935,1444228
26/05/2021,1.89,1806340
27/05/2021,1.935,2918915
28/05/2021,2.03,2675519
31/05/2021,1.96,2363908
1/06/2021,1.92,1652993
2/06/2021,1.92,1004837
3/06/2021,1.86,2834531
4/06/2021,1.85,1513341
7/06/2021,1.77,3027534
8/06/2021,1.925,4225481
9/06/2021,2,2474959
10/06/2021,2.03,2206729
11/06/2021,2.15,3006760
15/06/2021,2.16,2283793
16/06/2021,2.1,1445808
17/06/2021,2.15,1894441
18/06/2021,2.32,8137349
21/06/2021,2.2,2135993
22/06/2021,2.26,1894859
23/06/2021,2.19,1392898
24/06/2021,2.18,1660944
25/06/2021,2.16,3193090
28/06/2021,2.07,1778827
29/06/2021,2.05,2137065
